,SPY,QQQ,EEM,VT,ESGV,VSGX,VTI,GLD,cash_balance,total_value
2019-12-31,10,5,0,0,0,0,0,0,10000.0,14281.649856567383
2020-01-01,10,5,0,0,0,0,0,0,10000.0,14281.649856567383
2020-01-02,10,5,0,0,0,0,0,0,10000.0,14329.499969482422
2020-01-03,10,5,0,0,0,0,0,0,10000.0,14295.0
2020-01-04,10,5,0,0,0,0,0,0,10000.0,14295.0
2020-01-05,10,5,0,0,0,0,0,0,10000.0,14295.0
2020-01-06,10,5,0,0,0,0,0,0,10000.0,14314.200134277344
2020-01-07,10,5,0,0,0,0,0,0,10000.0,14304.950103759766
2020-01-08,10,5,0,0,0,0,0,0,10000.0,14330.250091552734
2020-01-09,10,5,0,0,0,0,0,0,10000.0,14361.449966430664
2020-01-10,10,5,0,0,0,0,0,0,10000.0,14349.249877929688
2020-01-11,10,5,0,0,0,0,0,0,10000.0,14349.249877929688
2020-01-12,10,5,0,0,0,0,0,0,10000.0,14349.249877929688
2020-01-13,10,5,0,0,0,0,0,0,10000.0,14384.250106811523
2020-01-14,10,5,0,0,0,0,0,0,10000.0,14374.900131225586
2020-01-15,10,5,0,0,0,0,0,0,10000.0,14382.750015258789
2020-01-16,10,5,0,0,0,0,0,0,10000.0,14420.600128173828
2020-01-17,10,5,0,0,0,0,0,0,10000.0,14436.400146484375
2020-01-18,10,5,0,0,0,0,0,0,10000.0,14436.400146484375
2020-01-19,10,5,0,0,0,0,0,0,10000.0,14436.400146484375
2020-01-20,10,5,0,0,0,0,0,0,10000.0,14436.400146484375
2020-01-21,10,5,0,0,0,0,0,0,10000.0,14429.399871826172
2020-01-22,10,5,0,0,0,0,0,0,10000.0,14432.749938964844
2020-01-23,10,5,0,0,0,0,0,0,10000.0,14440.149993896484
2020-01-24,10,5,0,0,0,0,0,0,10000.0,14401.19987487793
2020-01-25,10,5,0,0,0,0,0,0,10000.0,14401.19987487793
2020-01-26,10,5,0,0,0,0,0,0,10000.0,14401.19987487793
2020-01-27,10,5,0,0,0,0,0,0,10000.0,14325.500030517578
2020-01-28,10,5,0,0,0,0,0,0,10000.0,14376.150131225586
2020-01-29,10,5,0,0,0,0,0,0,10000.0,14375.249938964844
2020-01-30,10,5,0,0,0,0,0,0,10000.0,14389.79995727539
2020-01-31,10,5,0,0,0,0,0,0,10000.0,14312.650146484375
2020-02-01,10,5,0,0,0,0,0,0,10000.0,14312.650146484375
2020-02-02,10,5,0,0,0,0,0,0,10000.0,14312.650146484375
2020-02-03,10,5,0,0,0,0,0,0,10000.0,14353.099975585938
2020-02-04,10,5,0,0,0,0,0,0,10000.0,14427.949981689453
2020-02-05,10,5,0,0,0,0,0,0,10000.0,14469.69985961914
2020-02-06,10,5,0,0,0,0,0,0,10000.0,14490.750122070312
2020-02-07,10,5,0,0,0,0,0,0,10000.0,14468.000106811523
2020-02-08,10,5,0,0,0,0,0,0,10000.0,14468.000106811523
2020-02-09,10,5,0,0,0,0,0,0,10000.0,14468.000106811523
2020-02-10,10,5,0,0,0,0,0,0,10000.0,14506.649932861328
2020-02-11,10,5,0,0,0,0,0,0,10000.0,14512.65007019043
2020-02-12,10,5,0,0,0,0,0,0,10000.0,14545.550155639648
2020-02-13,10,5,0,0,0,0,0,0,10000.0,14540.449981689453
2020-02-14,10,5,0,0,0,0,0,0,10000.0,14549.200057983398
2020-02-15,10,5,0,0,0,0,0,0,10000.0,14549.200057983398
2020-02-16,10,5,0,0,0,0,0,0,10000.0,14549.200057983398
2020-02-17,10,5,0,0,0,0,0,0,10000.0,14549.200057983398
2020-02-18,10,5,0,0,0,0,0,0,10000.0,14540.950088500977
2020-02-19,10,5,0,0,0,0,0,0,10000.0,14568.299942016602
2020-02-20,10,5,0,0,0,0,0,0,10000.0,14543.400115966797
2020-02-21,10,5,0,0,0,0,0,0,10000.0,14486.150131225586
2020-02-22,10,5,0,0,0,0,0,0,10000.0,14486.150131225586
2020-02-23,10,5,0,0,0,0,0,0,10000.0,14486.150131225586
2020-02-24,10,5,0,0,0,0,0,0,10000.0,14331.150131225586
2020-02-25,10,5,0,0,0,0,0,0,10000.0,14203.349914550781
2020-02-26,10,5,0,0,0,0,0,0,10000.0,14197.399978637695
2020-02-27,10,5,0,0,0,0,0,0,10000.0,14003.300094604492
2020-02-28,10,5,0,0,0,0,0,0,10000.0,13991.600112915039
2020-02-29,10,5,0,0,0,0,0,0,10000.0,13991.600112915039
2020-03-01,10,5,0,0,0,0,0,0,10000.0,13991.600112915039
2020-03-02,10,5,0,0,0,0,0,0,10000.0,14172.999954223633
2020-03-03,10,5,0,0,0,0,0,0,10000.0,14049.799880981445
2020-03-04,10,5,0,0,0,0,0,0,10000.0,14219.69985961914
2020-03-05,10,5,0,0,0,0,0,0,10000.0,14082.549896240234
2020-03-06,10,5,0,0,0,0,0,0,10000.0,14014.699935913086
2020-03-07,10,5,0,0,0,0,0,0,10000.0,14014.699935913086
2020-03-08,10,5,0,0,0,0,0,0,10000.0,14014.699935913086
2020-03-09,10,5,0,0,0,0,0,0,10000.0,13710.150146484375
2020-03-10,10,5,0,0,0,0,0,0,10000.0,13904.750137329102
2020-03-11,10,5,0,0,0,0,0,0,10000.0,13719.69985961914
2020-03-12,10,5,0,0,0,0,0,0,10000.0,13367.70004272461
2020-03-13,10,5,0,0,0,0,0,0,10000.0,13654.90005493164
2020-03-14,10,5,0,0,0,0,0,0,10000.0,13654.90005493164
2020-03-15,10,5,0,0,0,0,0,0,10000.0,13654.90005493164
2020-03-16,10,5,0,0,0,0,0,0,10000.0,13245.000076293945
2020-03-17,10,5,0,0,0,0,0,0,10000.0,13438.70002746582
2020-03-18,10,5,0,0,0,0,0,0,10000.0,13283.000030517578
2020-03-19,10,5,0,0,0,0,0,0,10000.0,13293.399963378906
2020-03-20,10,5,0,0,0,0,0,0,10000.0,13141.500015258789
2020-03-21,10,5,0,0,0,0,0,0,10000.0,13141.500015258789
2020-03-22,10,5,0,0,0,0,0,0,10000.0,13141.500015258789
2020-03-23,10,5,0,0,0,0,0,0,10000.0,13081.800003051758
2020-03-24,10,5,0,0,0,0,0,0,10000.0,13349.79995727539
2020-03-25,10,5,0,0,0,0,0,0,10000.0,13379.399948120117
2020-03-26,10,5,0,0,0,0,0,0,10000.0,13571.500091552734
2020-03-27,10,5,0,0,0,0,0,0,10000.0,13460.699996948242
2020-03-28,10,5,0,0,0,0,0,0,10000.0,13460.699996948242
2020-03-29,10,5,0,0,0,0,0,0,10000.0,13460.699996948242
2020-03-30,10,5,0,0,0,0,0,0,10000.0,13576.699905395508
2020-03-31,10,5,0,0,0,0,0,0,10000.0,13529.499969482422
2020-04-01,10,5,0,0,0,0,0,0,10000.0,13373.049926757812
2020-04-02,10,5,0,0,0,0,0,0,10000.0,13448.349990844727
2020-04-03,10,5,0,0,0,0,0,0,10000.0,13398.75
2020-04-04,10,5,0,0,0,0,0,0,10000.0,13398.75
2020-04-05,10,5,0,0,0,0,0,0,10000.0,13398.75
2020-04-06,10,5,0,0,0,0,0,0,10000.0,13630.99983215332
2020-04-07,10,5,0,0,0,0,0,0,10000.0,13633.300018310547
2020-04-08,10,5,0,0,0,0,0,0,10000.0,13743.150024414062
2020-04-09,10,5,0,0,0,0,0,0,10000.0,13786.30012512207
2020-04-10,10,5,0,0,0,0,0,0,10000.0,13786.30012512207
2020-04-11,10,5,0,0,0,0,0,0,10000.0,13786.30012512207
2020-04-12,10,5,0,0,0,0,0,0,10000.0,13786.30012512207
2020-04-13,10,5,0,0,0,0,0,0,10000.0,13771.750030517578
2020-04-14,10,5,0,0,0,0,0,0,10000.0,13897.200088500977
2020-04-15,10,5,0,0,0,0,0,0,10000.0,13824.750061035156
2020-04-16,10,5,0,0,0,0,0,0,10000.0,13857.250061035156
2020-04-17,10,5,0,0,0,0,0,0,10000.0,13942.850112915039
2020-04-18,10,5,0,0,0,0,0,0,10000.0,13942.850112915039
2020-04-19,10,5,0,0,0,0,0,0,10000.0,13942.850112915039
2020-04-20,10,5,0,0,0,0,0,0,10000.0,13879.599990844727
2020-04-21,10,5,0,0,0,0,0,0,10000.0,13754.850082397461
2020-04-22,10,5,0,0,0,0,0,0,10000.0,13845.850067138672
2020-04-23,10,5,0,0,0,0,0,0,10000.0,13843.399887084961
2020-04-24,10,5,0,0,0,0,0,0,10000.0,13898.899993896484
2020-04-25,10,5,0,0,0,0,0,0,10000.0,13898.899993896484
2020-04-26,10,5,0,0,0,0,0,0,10000.0,13898.899993896484
2020-04-27,10,5,0,0,0,0,0,0,10000.0,13948.299865722656
2020-04-28,10,5,0,0,0,0,0,0,10000.0,13914.800109863281
2020-04-29,10,5,0,0,0,0,0,0,10000.0,14027.099914550781
2020-04-30,10,5,0,0,0,0,0,0,10000.0,13999.350128173828
2020-05-01,10,5,0,0,0,0,0,0,10000.0,13891.600112915039
2020-05-02,10,5,0,0,0,0,0,0,10000.0,13891.600112915039
2020-05-03,10,5,0,0,0,0,0,0,10000.0,13891.600112915039
2020-05-04,10,5,0,0,0,0,0,0,10000.0,13911.800079345703
2020-05-05,10,5,0,0,0,0,0,0,10000.0,13950.20004272461
2020-05-06,10,5,0,0,0,0,0,0,10000.0,13937.5
2020-05-07,10,5,0,0,0,0,0,0,10000.0,13985.899963378906
2020-05-08,10,5,0,0,0,0,0,0,10000.0,14048.70002746582
2020-05-09,10,5,0,0,0,0,0,0,10000.0,14048.70002746582
2020-05-10,10,5,0,0,0,0,0,0,10000.0,14048.70002746582
2020-05-11,10,5,0,0,0,0,0,0,10000.0,14059.349975585938
2020-05-12,10,5,0,0,0,0,0,0,10000.0,13977.300109863281
2020-05-13,10,5,0,0,0,0,0,0,10000.0,13912.70004272461
2020-05-14,10,5,0,0,0,0,0,0,10000.0,13958.850021362305
2020-05-15,10,5,0,0,0,0,0,0,10000.0,13979.150009155273
2020-05-16,10,5,0,0,0,0,0,0,10000.0,13979.150009155273
2020-05-17,10,5,0,0,0,0,0,0,10000.0,13979.150009155273
2020-05-18,10,5,0,0,0,0,0,0,10000.0,14087.149963378906
2020-05-19,10,5,0,0,0,0,0,0,10000.0,14054.000015258789
2020-05-20,10,5,0,0,0,0,0,0,10000.0,14126.249923706055
2020-05-21,10,5,0,0,0,0,0,0,10000.0,14093.150024414062
2020-05-22,10,5,0,0,0,0,0,0,10000.0,14102.70004272461
2020-05-23,10,5,0,0,0,0,0,0,10000.0,14102.70004272461
2020-05-24,10,5,0,0,0,0,0,0,10000.0,14102.70004272461
2020-05-25,10,5,0,0,0,0,0,0,10000.0,14102.70004272461
2020-05-26,10,5,0,0,0,0,0,0,10000.0,14135.99983215332
2020-05-27,10,5,0,0,0,0,0,0,10000.0,14186.749954223633
2020-05-28,10,5,0,0,0,0,0,0,10000.0,14179.650039672852
2020-05-29,10,5,0,0,0,0,0,0,10000.0,14210.000076293945
2020-05-30,10,5,0,0,0,0,0,0,10000.0,14210.000076293945
2020-05-31,10,5,0,0,0,0,0,0,10000.0,14210.000076293945
2020-06-01,10,5,0,0,0,0,0,0,10000.0,14225.799865722656
2020-06-02,10,5,0,0,0,0,0,0,10000.0,14258.949890136719
2020-06-03,10,5,0,0,0,0,0,0,10000.0,14305.249938964844
2020-06-04,10,5,0,0,0,0,0,0,10000.0,14288.74984741211
2020-06-05,10,5,0,0,0,0,0,0,10000.0,14391.849975585938
2020-06-06,10,5,0,0,0,0,0,0,10000.0,14391.849975585938
2020-06-07,10,5,0,0,0,0,0,0,10000.0,14391.849975585938
2020-06-08,10,5,0,0,0,0,0,0,10000.0,14439.750137329102
2020-06-09,10,5,0,0,0,0,0,0,10000.0,14424.400100708008
2020-06-10,10,5,0,0,0,0,0,0,10000.0,14421.100006103516
2020-06-11,10,5,0,0,0,0,0,0,10000.0,14176.19987487793
2020-06-12,10,5,0,0,0,0,0,0,10000.0,14221.499938964844
2020-06-13,10,5,0,0,0,0,0,0,10000.0,14221.499938964844
2020-06-14,10,5,0,0,0,0,0,0,10000.0,14221.499938964844
2020-06-15,10,5,0,0,0,0,0,0,10000.0,14264.249877929688
2020-06-16,10,5,0,0,0,0,0,0,10000.0,14343.84994506836
2020-06-17,10,5,0,0,0,0,0,0,10000.0,14334.700012207031
2020-06-18,10,5,0,0,0,0,0,0,10000.0,14339.199981689453
2020-06-19,10,5,0,0,0,0,0,0,10000.0,14307.600173950195
2020-06-20,10,5,0,0,0,0,0,0,10000.0,14307.600173950195
2020-06-21,10,5,0,0,0,0,0,0,10000.0,14307.600173950195
2020-06-22,10,5,0,0,0,0,0,0,10000.0,14339.899978637695
2020-06-23,10,5,0,0,0,0,0,0,10000.0,14364.69985961914
2020-06-24,10,5,0,0,0,0,0,0,10000.0,14259.449996948242
2020-06-25,10,5,0,0,0,0,0,0,10000.0,14303.65005493164
2020-06-26,10,5,0,0,0,0,0,0,10000.0,14201.599884033203
2020-06-27,10,5,0,0,0,0,0,0,10000.0,14201.599884033203
2020-06-28,10,5,0,0,0,0,0,0,10000.0,14201.599884033203
2020-06-29,10,5,0,0,0,0,0,0,10000.0,14258.799896240234
2020-06-30,10,5,0,0,0,0,0,0,10000.0,14321.599884033203
2020-07-01,10,5,0,0,0,0,0,0,10000.0,14357.649917602539
2020-07-02,10,5,0,0,0,0,0,0,10000.0,14383.250122070312
2020-07-03,10,5,0,0,0,0,0,0,10000.0,14383.250122070312
2020-07-04,10,5,0,0,0,0,0,0,10000.0,14383.250122070312
2020-07-05,10,5,0,0,0,0,0,0,10000.0,14383.250122070312
2020-07-06,10,5,0,0,0,0,0,0,10000.0,14462.449951171875
2020-07-07,10,5,0,0,0,0,0,0,10000.0,14420.849914550781
2020-07-08,10,5,0,0,0,0,0,0,10000.0,14461.749877929688
2020-07-09,10,5,0,0,0,0,0,0,10000.0,14454.700012207031
2020-07-10,10,5,0,0,0,0,0,0,10000.0,14495.749969482422
2020-07-11,10,5,0,0,0,0,0,0,10000.0,14495.749969482422
2020-07-12,10,5,0,0,0,0,0,0,10000.0,14495.749969482422
2020-07-13,10,5,0,0,0,0,0,0,10000.0,14441.100006103516
2020-07-14,10,5,0,0,0,0,0,0,10000.0,14491.050109863281
2020-07-15,10,5,0,0,0,0,0,0,10000.0,14523.000030517578
2020-07-16,10,5,0,0,0,0,0,0,10000.0,14503.500061035156
2020-07-17,10,5,0,0,0,0,0,0,10000.0,14514.300079345703
2020-07-18,10,5,0,0,0,0,0,0,10000.0,14514.300079345703
2020-07-19,10,5,0,0,0,0,0,0,10000.0,14514.300079345703
2020-07-20,10,5,0,0,0,0,0,0,10000.0,14577.100067138672
2020-07-21,10,5,0,0,0,0,0,0,10000.0,14570.10009765625
2020-07-22,10,5,0,0,0,0,0,0,10000.0,14593.249816894531
2020-07-23,10,5,0,0,0,0,0,0,10000.0,14519.649963378906
2020-07-24,10,5,0,0,0,0,0,0,10000.0,14486.600036621094
2020-07-25,10,5,0,0,0,0,0,0,10000.0,14486.600036621094
2020-07-26,10,5,0,0,0,0,0,0,10000.0,14486.600036621094
2020-07-27,10,5,0,0,0,0,0,0,10000.0,14532.799987792969
2020-07-28,10,5,0,0,0,0,0,0,10000.0,14495.750122070312
2020-07-29,10,5,0,0,0,0,0,0,10000.0,14550.049896240234
2020-07-30,10,5,0,0,0,0,0,0,10000.0,14545.249938964844
2020-07-31,10,5,0,0,0,0,0,0,10000.0,14594.149932861328
2020-08-01,10,5,0,0,0,0,0,0,10000.0,14594.149932861328
2020-08-02,10,5,0,0,0,0,0,0,10000.0,14594.149932861328
2020-08-03,10,5,0,0,0,0,0,0,10000.0,14634.800109863281
2020-08-04,10,5,0,0,0,0,0,0,10000.0,14652.5
2020-08-05,10,5,0,0,0,0,0,0,10000.0,14676.349792480469
2020-08-06,10,5,0,0,0,0,0,0,10000.0,14716.499938964844
2020-08-07,10,5,0,0,0,0,0,0,10000.0,14703.050079345703
2020-08-08,10,5,0,0,0,0,0,0,10000.0,14703.050079345703
2020-08-09,10,5,0,0,0,0,0,0,10000.0,14703.050079345703
2020-08-10,10,5,0,0,0,0,0,0,10000.0,14707.250061035156
2020-08-11,10,5,0,0,0,0,0,0,10000.0,14653.949890136719
2020-08-12,10,5,0,0,0,0,0,0,10000.0,14733.699951171875
2020-08-13,10,5,0,0,0,0,0,0,10000.0,14730.699920654297
2020-08-14,10,5,0,0,0,0,0,0,10000.0,14729.199981689453
2020-08-15,10,5,0,0,0,0,0,0,10000.0,14729.199981689453
2020-08-16,10,5,0,0,0,0,0,0,10000.0,14729.199981689453
2020-08-17,10,5,0,0,0,0,0,0,10000.0,14755.700073242188
2020-08-18,10,5,0,0,0,0,0,0,10000.0,14776.25015258789
2020-08-19,10,5,0,0,0,0,0,0,10000.0,14752.80014038086
2020-08-20,10,5,0,0,0,0,0,0,10000.0,14782.449951171875
2020-08-21,10,5,0,0,0,0,0,0,10000.0,14804.150085449219
2020-08-22,10,5,0,0,0,0,0,0,10000.0,14804.150085449219
2020-08-23,10,5,0,0,0,0,0,0,10000.0,14804.150085449219
2020-08-24,10,5,0,0,0,0,0,0,10000.0,14847.350158691406
2020-08-25,10,5,0,0,0,0,0,0,10000.0,14870.499877929688
2020-08-26,10,5,0,0,0,0,0,0,10000.0,14935.500030517578
2020-08-27,10,5,0,0,0,0,0,0,10000.0,14938.5498046875
2020-08-28,10,5,0,0,0,0,0,0,10000.0,14968.44985961914
2020-08-29,10,5,0,0,0,0,0,0,10000.0,14968.44985961914
2020-08-30,10,5,0,0,0,0,0,0,10000.0,14968.44985961914
2020-08-31,10,5,0,0,0,0,0,0,10000.0,14967.5
2020-09-01,10,5,0,0,0,0,0,0,10000.0,15025.600128173828
2020-09-02,10,5,0,0,0,0,0,0,10000.0,15090.800170898438
2020-09-03,10,5,0,0,0,0,0,0,10000.0,14890.950164794922
2020-09-04,10,5,0,0,0,0,0,0,10000.0,14843.600006103516
2020-09-05,10,5,0,0,0,0,0,0,10000.0,14843.600006103516
2020-09-06,10,5,0,0,0,0,0,0,10000.0,14843.600006103516
2020-09-07,10,5,0,0,0,0,0,0,10000.0,14843.600006103516
2020-09-08,10,5,0,0,0,0,0,0,10000.0,14681.849975585938
2020-09-09,10,5,0,0,0,0,0,0,10000.0,14787.300109863281
2020-09-10,10,5,0,0,0,0,0,0,10000.0,14700.600128173828
2020-09-11,10,5,0,0,0,0,0,0,10000.0,14692.850036621094
2020-09-12,10,5,0,0,0,0,0,0,10000.0,14692.850036621094
2020-09-13,10,5,0,0,0,0,0,0,10000.0,14692.850036621094
2020-09-14,10,5,0,0,0,0,0,0,10000.0,14760.399932861328
2020-09-15,10,5,0,0,0,0,0,0,10000.0,14797.000122070312
2020-09-16,10,5,0,0,0,0,0,0,10000.0,14761.25
2020-09-17,10,5,0,0,0,0,0,0,10000.0,14710.0
2020-09-18,10,5,0,0,0,0,0,0,10000.0,14640.849914550781
2020-09-19,10,5,0,0,0,0,0,0,10000.0,14640.849914550781
2020-09-20,10,5,0,0,0,0,0,0,10000.0,14640.849914550781
2020-09-21,10,5,0,0,0,0,0,0,10000.0,14607.250061035156
2020-09-22,10,5,0,0,0,0,0,0,10000.0,14665.399932861328
2020-09-23,10,5,0,0,0,0,0,0,10000.0,14547.200164794922
2020-09-24,10,5,0,0,0,0,0,0,10000.0,14561.950073242188
2020-09-25,10,5,0,0,0,0,0,0,10000.0,14645.10009765625
2020-09-26,10,5,0,0,0,0,0,0,10000.0,14645.10009765625
2020-09-27,10,5,0,0,0,0,0,0,10000.0,14645.10009765625
2020-09-28,10,5,0,0,0,0,0,0,10000.0,14727.900085449219
2020-09-29,10,5,0,0,0,0,0,0,10000.0,14703.450012207031
2020-09-30,10,5,0,0,0,0,0,0,10000.0,14738.100128173828
2020-10-01,10,5,0,0,0,0,0,0,10000.0,14781.650085449219
2020-10-02,10,5,0,0,0,0,0,0,10000.0,14709.949951171875
2020-10-03,10,5,0,0,0,0,0,0,10000.0,14709.949951171875
2020-10-04,10,5,0,0,0,0,0,0,10000.0,14709.949951171875
2020-10-05,10,5,0,0,0,0,0,0,10000.0,14798.400115966797
2020-10-06,10,5,0,0,0,0,0,0,10000.0,14725.09994506836
2020-10-07,10,5,0,0,0,0,0,0,10000.0,14807.200164794922
2020-10-08,10,5,0,0,0,0,0,0,10000.0,14844.850006103516
2020-10-09,10,5,0,0,0,0,0,0,10000.0,14897.050018310547
2020-10-10,10,5,0,0,0,0,0,0,10000.0,14897.050018310547
2020-10-11,10,5,0,0,0,0,0,0,10000.0,14897.050018310547
2020-10-12,10,5,0,0,0,0,0,0,10000.0,14996.949920654297
2020-10-13,10,5,0,0,0,0,0,0,10000.0,14973.899993896484
2020-10-14,10,5,0,0,0,0,0,0,10000.0,14939.599914550781
2020-10-15,11,6,1,0,1,0,1,0,9074.57999420166,14925.500030517578
2020-10-16,12,7,2,0,2,0,2,0,8151.179973602295,14913.43014907837
2020-10-17,12,7,2,0,2,0,2,0,8151.179973602295,14913.43014907837
2020-10-18,12,7,2,0,2,0,2,0,8151.179973602295,14913.43014907837
2020-10-19,12,8,3,0,3,0,3,0,7583.399990081787,14809.859996795654
2020-10-20,13,9,4,0,4,0,4,0,6670.319984436035,14835.110069274902
2020-10-21,13,10,5,0,5,0,5,0,6101.489974975586,14822.080177307129
2020-10-22,14,11,6,0,6,0,6,0,5186.5700035095215,14853.869678497314
2020-10-23,15,12,7,1,7,0,7,0,4185.310024261475,14883.3698387146
2020-10-24,15,12,7,1,7,0,7,0,4185.310024261475,14883.3698387146
2020-10-25,15,12,7,1,7,0,7,0,4185.310024261475,14883.3698387146
2020-10-26,15,13,8,1,8,0,7,0,3796.1600227355957,14699.940296173096
2020-10-27,15,14,9,1,9,0,7,0,3404.7200202941895,14706.41003036499
2020-10-28,15,15,9,1,9,0,7,0,3133.080005645752,14306.660274505615
2020-10-29,15,16,10,1,9,0,7,0,2811.4699897766113,14448.820407867432
2020-10-30,15,17,10,1,9,0,7,0,2542.089984893799,14259.53023147583
2020-10-31,15,17,10,1,9,0,7,0,2542.089984893799,14259.53023147583
2020-11-01,15,17,10,1,9,0,7,0,2542.089984893799,14259.53023147583
2020-11-02,15,18,11,1,9,0,7,0,2226.829975128174,14348.350330352783
2020-11-03,15,19,12,1,10,0,7,0,1844.3999824523926,14557.229846954346
2020-11-04,15,20,13,1,11,0,8,0,1270.9899787902832,14963.460178375244
2020-11-05,16,21,14,2,12,1,9,0,194.98997497558594,15270.600131988525
2020-11-06,17,22,15,3,13,2,10,0,-881.4700126647949,15275.949710845947
2020-11-07,17,22,15,3,13,2,10,0,-881.4700126647949,15275.949710845947
2020-11-08,17,22,15,3,13,2,10,0,-881.4700126647949,15275.949710845947
2020-11-09,18,23,16,4,14,3,11,0,-1961.2800064086914,15254.2398147583
2020-11-10,19,24,17,5,15,4,12,0,-3034.3700218200684,15110.200359344482
2020-11-11,20,25,18,6,16,5,13,0,-4119.830039978027,15349.20044708252
2020-11-12,21,26,19,7,17,6,14,0,-5196.100017547607,15197.769546508789
2020-11-13,22,27,20,8,18,7,15,0,-6285.700023651123,15440.460063934326
2020-11-14,22,27,20,8,18,7,15,0,-6285.700023651123,15440.460063934326
2020-11-15,22,27,20,8,18,7,15,0,-6285.700023651123,15440.460063934326
2020-11-16,23,28,21,9,19,8,16,0,-7387.080039978027,15669.680450439453
2020-11-17,24,29,22,10,20,9,17,0,-8484.810024261475,15586.01955795288
2020-11-18,25,30,23,11,21,10,18,0,-9572.180004119873,15358.019435882568
2020-11-19,26,31,24,12,22,11,19,0,-10665.53999710083,15499.629955291748
2020-11-20,27,32,25,13,23,12,20,0,-11753.569984436035,15356.2297706604
2020-11-21,27,32,25,13,23,12,20,0,-11753.569984436035,15356.2297706604
2020-11-22,27,32,25,13,23,12,20,0,-11753.569984436035,15356.2297706604
2020-11-23,28,33,26,14,24,13,21,0,-12846.319980621338,15463.980052947998
2020-11-24,29,34,27,15,25,14,22,0,-13955.389980316162,15886.950023651123
2020-11-25,30,35,28,16,26,15,23,0,-15065.099990844727,15919.81025314331
2020-11-26,30,35,28,16,26,15,23,0,-15065.099990844727,15919.81025314331
2020-11-27,31,36,29,17,27,16,24,0,-16181.0,16098.31046295166
2020-11-28,31,36,29,17,27,16,24,0,-16181.0,16098.31046295166
2020-11-29,31,36,29,17,27,16,24,0,-16181.0,16098.31046295166
2020-11-30,32,37,30,18,28,17,25,0,-17290.639987945557,15953.1296043396
2020-12-01,33,38,31,19,29,18,26,0,-18414.649974822998,16374.739479064941
2020-12-02,34,39,32,20,30,19,27,0,-19540.12998199463,16423.13031768799
2020-12-03,35,40,33,21,31,20,28,0,-20667.479988098145,16477.060180664062
2020-12-04,36,41,34,22,32,21,29,0,-21803.6199760437,16754.70960998535
2020-12-05,36,41,34,22,32,21,29,0,-21803.6199760437,16754.70960998535
2020-12-06,36,41,34,22,32,21,29,0,-21803.6199760437,16754.70960998535
2020-12-07,37,42,35,23,33,22,30,0,-22939.869972229004,16778.13990020752
2020-12-08,38,43,36,24,34,23,31,0,-24079.819999694824,16906.591060638428
2020-12-09,39,44,37,25,35,24,32,0,-25205.660007476807,16362.460269927979
2020-12-10,40,45,38,26,36,25,33,0,-26334.10001373291,16458.980144500732
2020-12-11,41,46,39,27,37,26,34,0,-27460.18999862671,16372.079524993896
2020-12-12,41,46,39,27,37,26,34,0,-27460.18999862671,16372.079524993896
2020-12-13,41,46,39,27,37,26,34,0,-27460.18999862671,16372.079524993896
2020-12-14,42,47,40,28,38,27,35,0,-28585.260005950928,16349.550384521484
2020-12-15,43,48,41,29,39,28,36,0,-29724.330013275146,16905.390350341797
2020-12-16,44,49,42,30,40,29,37,0,-30866.800033569336,17050.570957183838
2020-12-17,45,50,43,31,41,30,38,0,-32016.750030517578,17361.72975540161
2020-12-18,46,51,44,32,42,31,39,0,-33160.83002471924,17111.169673919678
2020-12-19,46,51,44,32,42,31,39,0,-33160.83002471924,17111.169673919678
2020-12-20,46,51,44,32,42,31,39,0,-33160.83002471924,17111.169673919678
2020-12-21,47,52,45,33,43,32,40,0,-34299.090030670166,16870.620239257812
2020-12-22,48,53,46,34,44,33,41,0,-35437.010025024414,16863.369773864746
2020-12-23,49,54,47,35,45,34,42,0,-36575.50003814697,16865.290702819824
2020-12-24,50,55,48,36,46,35,43,0,-37716.55004119873,16997.62010574341
2020-12-25,50,55,48,36,46,35,43,0,-37716.55004119873,16997.62010574341
2020-12-26,50,55,48,36,46,35,43,0,-37716.55004119873,16997.62010574341
2020-12-27,50,55,48,36,46,35,43,0,-37716.55004119873,16997.62010574341
2020-12-28,51,56,49,37,47,36,44,0,-38866.370040893555,17431.469944000244
2020-12-29,52,57,50,38,48,37,45,0,-40016.200019836426,17427.808849334717
2020-12-30,53,58,51,39,49,38,46,0,-41168.54001617432,17543.24977493286
2020-12-31,54,59,52,40,50,39,47,0,-42324.49000930786,17733.839553833008
2021-01-01,54,59,52,40,50,39,47,0,-42324.49000930786,17733.839553833008
2021-01-02,54,59,52,40,50,39,47,0,-42324.49000930786,17733.839553833008
2021-01-03,54,59,52,40,50,39,47,0,-42324.49000930786,17733.839553833008
2021-01-04,55,60,53,41,51,40,48,0,-43467.330017089844,17029.63037109375
2021-01-05,56,61,54,42,52,41,49,0,-44620.23998641968,17555.80825805664
2021-01-06,57,62,55,43,53,42,50,0,-45773.59998703003,17534.180053710938
2021-01-07,58,63,56,44,54,43,51,0,-46945.91999435425,18608.680549621582
2021-01-08,59,64,57,45,55,44,52,0,-48128.990005493164,19216.15062713623
2021-01-09,59,64,57,45,55,44,52,0,-48128.990005493164,19216.15062713623
2021-01-10,59,64,57,45,55,44,52,0,-48128.990005493164,19216.15062713623
2021-01-11,60,65,58,46,56,45,53,0,-49300.83002090454,18565.781005859375
2021-01-12,61,66,59,47,57,46,54,0,-50474.250019073486,18641.69998550415
2021-01-13,62,67,60,48,58,47,55,0,-51651.440032958984,18877.76089477539
2021-01-14,63,68,61,49,59,48,56,0,-52826.24002456665,18713.759536743164
2021-01-15,64,69,62,50,60,49,57,0,-53991.02001571655,18111.459400177002
2021-01-16,64,69,62,50,60,49,57,0,-53991.02001571655,18111.459400177002
2021-01-17,64,69,62,50,60,49,57,0,-53991.02001571655,18111.459400177002
2021-01-18,64,69,62,50,60,49,57,0,-53991.02001571655,18111.459400177002
2021-01-19,65,70,63,51,61,50,58,0,-55167.970012664795,18875.569843292236
2021-01-20,66,71,64,52,62,51,59,0,-56363.910011291504,20096.699878692627
2021-01-21,67,72,65,53,63,52,60,0,-57562.99998474121,20315.62816619873
2021-01-22,68,73,66,54,64,53,61,0,-58757.960010528564,20050.561752319336
2021-01-23,68,73,66,54,64,53,61,0,-58757.960010528564,20050.561752319336
2021-01-24,68,73,66,54,64,53,61,0,-58757.960010528564,20050.561752319336
2021-01-25,69,74,67,55,65,54,62,0,-59958.71001815796,20445.980388641357
2021-01-26,70,75,68,56,66,55,63,0,-61157.620025634766,20333.90044403076
2021-01-27,71,76,69,57,67,56,64,0,-62325.980030059814,18248.72020339966
2021-01-28,72,77,70,58,68,57,65,0,-63503.220039367676,18856.720684051514
2021-01-29,73,78,71,59,69,58,66,0,-64656.84005355835,17200.380905151367
2021-01-30,73,78,71,59,69,58,66,0,-64656.84005355835,17200.380905151367
2021-01-31,73,78,71,59,69,58,66,0,-64656.84005355835,17200.380905151367
2021-02-01,74,79,72,60,70,59,67,0,-65833.23007583618,18831.72165298462
2021-02-02,75,80,73,61,71,60,68,0,-67026.88005828857,20080.54857635498
2021-02-03,76,81,74,62,72,61,69,0,-68220.35006713867,20053.340633392334
2021-02-04,77,82,75,63,73,62,70,0,-69426.15005874634,20978.469261169434
2021-02-05,78,83,76,64,74,63,71,0,-70637.5700378418,21392.238235473633
2021-02-06,78,83,76,64,74,63,71,0,-70637.5700378418,21392.238235473633
2021-02-07,78,83,76,64,74,63,71,0,-70637.5700378418,21392.238235473633
2021-02-08,79,84,77,65,75,64,72,0,-71857.52003860474,22039.019912719727
2021-02-09,80,85,78,66,76,65,73,0,-73078.58005523682,22113.171257019043
2021-02-10,81,86,79,67,77,66,74,0,-74298.75003433228,22039.328311920166
2021-02-11,82,87,80,68,78,67,75,0,-75523.84001541138,22425.41834640503
2021-02-12,83,88,81,69,79,68,76,0,-76754.82004928589,22899.492767333984
2021-02-13,83,88,81,69,79,68,76,0,-76754.82004928589,22899.492767333984
2021-02-14,83,88,81,69,79,68,76,0,-76754.82004928589,22899.492767333984
2021-02-15,83,88,81,69,79,68,76,0,-76754.82004928589,22899.492767333984
2021-02-16,84,89,82,70,80,69,77,0,-77984.55004119873,22788.199340820312
2021-02-17,85,90,83,71,81,70,78,1,-79377.88005065918,22563.830558776855
2021-02-18,86,91,84,72,82,71,79,1,-80598.28005599976,22022.500385284424
2021-02-19,87,92,85,73,83,72,80,1,-81818.00004196167,21945.03868484497
2021-02-20,87,92,85,73,83,72,80,1,-81818.00004196167,21945.03868484497
2021-02-21,87,92,85,73,83,72,80,1,-81818.00004196167,21945.03868484497
2021-02-22,88,93,86,74,84,73,81,1,-83019.89003753662,20398.909660339355
2021-02-23,89,94,87,75,85,74,82,1,-84221.73003768921,20385.580123901367
2021-02-24,90,95,88,76,86,75,83,1,-85433.58003997803,21264.440116882324
2021-02-25,91,96,89,77,87,76,84,1,-86612.78001022339,18362.367259979248
2021-02-26,92,97,90,78,88,77,85,1,-87788.01000595093,18034.29972076416
2021-02-27,92,97,90,78,88,77,85,1,-87788.01000595093,18034.29972076416
2021-02-28,92,97,90,78,88,77,85,1,-87788.01000595093,18034.29972076416
2021-03-01,93,98,91,79,89,78,86,1,-88993.90998840332,20805.678382873535
2021-03-02,94,99,92,80,90,79,87,1,-90187.46998596191,19663.299823760986
2021-03-03,95,99,93,81,91,80,88,1,-91051.88000106812,17781.61176300049
2021-03-04,95,99,94,82,91,81,89,1,-91456.83000564575,16143.942478179932
2021-03-05,96,99,95,83,92,82,90,1,-92322.6900100708,17882.639739990234
2021-03-06,96,99,95,83,92,82,90,1,-92322.6900100708,17882.639739990234
2021-03-07,96,99,95,83,92,82,90,1,-92322.6900100708,17882.639739990234
2021-03-08,97,99,96,84,93,83,91,1,-93182.18001937866,16433.481075286865
2021-03-09,98,99,97,85,94,84,92,1,-94055.14002227783,18856.32925415039
2021-03-10,99,99,98,86,95,85,93,1,-94932.62001800537,19194.88996887207
2021-03-11,100,100,99,87,96,86,94,1,-96139.64002990723,20991.531135559082
2021-03-12,101,101,100,88,97,87,95,1,-97343.77001571655,20704.908573150635
2021-03-13,101,101,100,88,97,87,95,1,-97343.77001571655,20704.908573150635
2021-03-14,101,101,100,88,97,87,95,1,-97343.77001571655,20704.908573150635
2021-03-15,102,102,101,89,98,88,96,1,-98556.37001419067,21542.189781188965
2021-03-16,103,103,102,90,99,89,97,1,-99769.57999801636,21608.708347320557
2021-03-17,104,104,103,91,100,90,98,1,-100987.18000030518,22047.710220336914
2021-03-18,105,104,104,92,101,91,99,1,-101868.9700126648,19630.762161254883
2021-03-19,106,104,105,93,102,92,100,1,-102749.80001831055,19639.6421585083
2021-03-20,106,104,105,93,102,92,100,1,-102749.80001831055,19639.6421585083
2021-03-21,106,104,105,93,102,92,100,1,-102749.80001831055,19639.6421585083
2021-03-22,107,105,106,94,103,93,101,1,-103954.07999038696,20710.077102661133
2021-03-23,108,105,107,95,104,94,102,1,-104830.50999450684,19619.960556030273
2021-03-24,109,105,107,96,105,94,103,1,-105587.75998687744,18326.028800964355
2021-03-25,110,105,107,97,106,94,104,1,-106349.03999328613,18750.719116210938
2021-03-26,111,105,108,98,107,95,105,1,-107237.61000061035,20787.700855255127
2021-03-27,111,105,108,98,107,95,105,1,-107237.61000061035,20787.700855255127
2021-03-28,111,105,108,98,107,95,105,1,-107237.61000061035,20787.700855255127
2021-03-29,112,105,108,99,108,96,106,1,-108070.68000411987,20506.06089401245
2021-03-30,113,105,108,100,109,97,107,1,-108902.51001739502,20217.752223968506
2021-03-31,114,105,109,101,110,98,108,1,-109791.28000640869,21148.579250335693
2021-04-01,115,106,110,102,111,99,109,1,-111015.04999542236,22859.398712158203
2021-04-02,115,106,110,102,111,99,109,1,-111015.04999542236,22859.398712158203
2021-04-03,115,106,110,102,111,99,109,1,-111015.04999542236,22859.398712158203
2021-04-04,115,106,110,102,111,99,109,1,-111015.04999542236,22859.398712158203
2021-04-05,116,107,111,103,112,100,110,1,-112256.53996658325,24793.196842193604
2021-04-06,117,108,112,104,113,101,111,1,-113497.33996963501,24723.040328979492
2021-04-07,118,109,113,105,114,102,112,1,-114738.06995010376,24717.937885284424
2021-04-08,119,110,114,106,115,103,113,1,-115987.43993377686,25681.218170166016
2021-04-09,120,111,114,107,116,104,114,1,-117190.04990005493,26456.626194000244
2021-04-10,120,111,114,107,116,104,114,1,-117190.04990005493,26456.626194000244
2021-04-11,120,111,114,107,116,104,114,1,-117190.04990005493,26456.626194000244
2021-04-12,121,112,114,108,117,105,115,1,-118391.87992095947,26337.93250656128
2021-04-13,122,113,114,109,118,106,116,1,-119600.55991744995,27141.539653778076
2021-04-14,123,114,114,110,119,107,117,1,-120802.86994934082,26435.603969573975
2021-04-15,124,115,115,111,120,108,118,1,-122073.6099357605,28158.678462982178
2021-04-16,125,116,116,112,121,109,119,1,-123347.71995162964,28559.211986541748
2021-04-17,125,116,116,112,121,109,119,1,-123347.71995162964,28559.211986541748
2021-04-18,125,116,116,112,121,109,119,1,-123347.71995162964,28559.211986541748
2021-04-19,126,117,117,113,122,110,120,1,-124613.94994735718,27622.379459381104
2021-04-20,127,118,117,114,123,111,121,1,-125815.97996902466,26369.52257156372
2021-04-21,128,119,117,115,124,112,122,1,-127029.70998382568,27829.32196044922
2021-04-22,129,120,117,116,125,113,123,1,-128232.41999053955,26456.550537109375
2021-04-23,130,121,118,117,126,114,124,1,-129503.81999969482,28277.081047058105
2021-04-24,130,121,118,117,126,114,124,1,-129503.81999969482,28277.081047058105
2021-04-25,130,121,118,117,126,114,124,1,-129503.81999969482,28277.081047058105
2021-04-26,131,122,119,118,127,115,125,1,-130779.85999298096,28848.789039611816
2021-04-27,132,123,120,119,128,116,126,1,-132053.869972229,28600.587379455566
2021-04-28,133,124,121,120,129,117,127,1,-133327.34996795654,28530.4594039917
2021-04-29,134,125,122,121,130,118,128,1,-134605.9299621582,29189.75926208496
2021-04-30,135,126,122,122,131,119,129,1,-135820.459941864,27911.327377319336
2021-05-01,135,126,122,122,131,119,129,1,-135820.459941864,27911.327377319336
2021-05-02,135,126,122,122,131,119,129,1,-135820.459941864,27911.327377319336
2021-05-03,136,127,122,123,132,120,130,1,-137035.37995147705,27967.02133178711
2021-05-04,137,127,122,124,133,120,131,1,-137844.8299560547,26249.592308044434
2021-05-05,138,127,122,125,134,121,132,1,-138717.87994766235,26265.678672790527
2021-05-06,139,127,122,126,135,122,133,1,-139596.90996551514,27446.433799743652
2021-05-07,140,128,122,127,136,123,134,1,-140817.28997802734,28814.0714263916
2021-05-08,140,128,122,127,136,123,134,1,-140817.28997802734,28814.0714263916
2021-05-09,140,128,122,127,136,123,134,1,-140817.28997802734,28814.0714263916
2021-05-10,141,128,122,128,137,124,135,1,-141694.0599746704,26340.14072418213
2021-05-11,142,128,122,129,138,124,136,1,-142500.16996765137,25223.128913879395
2021-05-12,143,128,122,129,138,124,136,1,-142905.57997131348,21370.362663269043
2021-05-13,144,128,122,130,139,124,137,1,-143703.119972229,22971.44938659668
2021-05-14,145,128,122,131,140,124,138,1,-144513.41995239258,25901.21940612793
2021-05-15,145,128,122,131,140,124,138,1,-144513.41995239258,25901.21940612793
2021-05-16,145,128,122,131,140,124,138,1,-144513.41995239258,25901.21940612793
2021-05-17,146,128,122,132,141,124,139,1,-145321.72994232178,25346.389358520508
2021-05-18,147,128,122,133,142,124,140,1,-146124.0199432373,24349.5701751709
2021-05-19,148,128,122,134,143,124,141,1,-146923.93992614746,23995.71711730957
2021-05-20,149,128,122,135,144,125,142,1,-147796.4799194336,26194.06721496582
2021-05-21,150,128,122,136,145,125,143,1,-148604.50992584229,25750.992301940918
2021-05-22,150,128,122,136,145,125,143,1,-148604.50992584229,25750.992301940918
2021-05-23,150,128,122,136,145,125,143,1,-148604.50992584229,25750.992301940918
2021-05-24,151,128,122,137,146,126,144,1,-149484.6099319458,27744.75254058838
2021-05-25,152,128,122,138,147,127,145,1,-150363.2299118042,27646.177375793457
2021-05-26,153,128,122,139,148,128,146,1,-151244.06993103027,28167.23331451416
2021-05-27,154,128,122,140,149,129,147,1,-152125.93994903564,28156.313400268555
2021-05-28,155,128,122,141,150,130,148,1,-153009.49996185303,28582.690872192383
2021-05-29,155,128,122,141,150,130,148,1,-153009.49996185303,28582.690872192383
2021-05-30,155,128,122,141,150,130,148,1,-153009.49996185303,28582.690872192383
2021-05-31,155,128,122,141,150,130,148,1,-153009.49996185303,28582.690872192383
2021-06-01,156,128,123,142,151,131,149,1,-153949.63997650146,28648.653160095215
2021-06-02,157,128,124,143,152,132,150,1,-154891.1199684143,28931.7088432312
2021-06-03,158,128,124,144,153,133,151,1,-155772.59995651245,27822.798404693604
2021-06-04,159,128,125,145,154,134,152,1,-156718.15996551514,29835.01219558716
2021-06-05,159,128,125,145,154,134,152,1,-156718.15996551514,29835.01219558716
2021-06-06,159,128,125,145,154,134,152,1,-156718.15996551514,29835.01219558716
2021-06-07,160,128,125,146,155,135,153,1,-157607.69998168945,29920.063133239746
2021-06-08,161,128,125,147,156,136,154,1,-158497.69998931885,29980.362239837646
2021-06-09,162,128,125,148,157,137,155,1,-159385.79997253418,29677.976760864258
2021-06-10,163,129,125,149,158,138,156,1,-160618.53995513916,30823.017070770264
2021-06-11,164,130,125,150,159,139,157,1,-161853.9299468994,31191.049102783203
2021-06-12,164,130,125,150,159,139,157,1,-161853.9299468994,31191.049102783203
2021-06-13,164,130,125,150,159,139,157,1,-161853.9299468994,31191.049102783203
2021-06-14,165,131,125,151,160,140,158,1,-163094.38996887207,31920.523151397705
2021-06-15,166,132,125,152,161,141,159,1,-164330.66999053955,31269.16339492798
2021-06-16,167,132,125,153,162,142,160,1,-165219.60997009277,30197.05813217163
2021-06-17,168,133,125,154,163,142,161,1,-166388.25996398926,30705.769554138184
2021-06-18,168,134,125,154,163,142,162,1,-166947.63996887207,28049.732944488525
2021-06-19,168,134,125,154,163,142,162,1,-166947.63996887207,28049.732944488525
2021-06-20,168,134,125,154,163,142,162,1,-166947.63996887207,28049.732944488525
2021-06-21,169,135,125,155,164,142,163,1,-168113.7099456787,30184.926834106445
2021-06-22,170,136,125,156,165,142,164,1,-169287.239944458,31278.20922088623
2021-06-23,171,137,125,157,166,142,165,1,-170460.11993408203,31179.078758239746
2021-06-24,172,138,125,158,167,142,166,1,-171639.75995635986,32391.423782348633
2021-06-25,173,139,125,159,168,142,167,1,-172822.00994110107,32936.33793640137
2021-06-26,173,139,125,159,168,142,167,1,-172822.00994110107,32936.33793640137
2021-06-27,173,139,125,159,168,142,167,1,-172822.00994110107,32936.33793640137
2021-06-28,174,140,125,160,169,142,168,1,-174009.7999420166,33733.79043197632
2021-06-29,175,141,125,161,170,142,169,1,-175199.22994232178,33970.879863739014
2021-06-30,176,142,125,162,171,142,170,1,-176388.12994384766,33788.97091674805
2021-07-01,177,143,125,163,172,142,171,1,-177581.4899368286,34518.029163360596
2021-07-02,178,144,125,164,173,142,172,1,-178784.46995544434,36080.78233337402
2021-07-03,178,144,125,164,173,142,172,1,-178784.46995544434,36080.78233337402
2021-07-04,178,144,125,164,173,142,172,1,-178784.46995544434,36080.78233337402
2021-07-05,178,144,125,164,173,142,172,1,-178784.46995544434,36080.78233337402
2021-07-06,179,145,125,165,174,142,173,1,-179987.18994903564,35797.72859954834
2021-07-07,180,146,125,166,175,142,174,1,-181192.94995880127,36334.04110336304
2021-07-08,181,147,125,166,176,142,175,2,-182454.86994934082,34438.37983703613
2021-07-09,182,148,125,167,177,142,176,2,-183663.05995178223,36745.690380096436
2021-07-10,182,148,125,167,177,142,176,2,-183663.05995178223,36745.690380096436
2021-07-11,182,148,125,167,177,142,176,2,-183663.05995178223,36745.690380096436
2021-07-12,183,149,125,168,178,142,177,2,-184875.34994506836,37470.81841278076
2021-07-13,184,150,125,168,179,142,178,2,-185979.81995391846,36815.20154571533
2021-07-14,185,151,125,168,180,142,179,2,-187085.2699508667,37043.87923049927
2021-07-15,186,152,125,168,181,142,180,2,-188185.56993103027,36083.69612503052
2021-07-16,187,153,125,168,182,142,181,2,-189277.23992919922,34329.83985519409
2021-07-17,187,153,125,168,182,142,181,2,-189277.23992919922,34329.83985519409
2021-07-18,187,153,125,168,182,142,181,2,-189277.23992919922,34329.83985519409
2021-07-19,187,154,125,168,182,142,181,2,-189631.90994262695,31418.1808052063
2021-07-20,188,155,125,168,183,142,182,2,-190725.34995269775,34388.79161071777
2021-07-21,189,156,125,168,184,142,183,2,-191827.67993927002,36270.58765792847
2021-07-22,190,157,125,168,185,142,184,2,-192933.6799468994,36922.051486968994
2021-07-23,191,158,125,168,186,142,185,2,-194051.55996704102,39035.433795928955
2021-07-24,191,158,125,168,186,142,185,2,-194051.55996704102,39035.433795928955
2021-07-25,191,158,125,168,186,142,185,2,-194051.55996704102,39035.433795928955
2021-07-26,192,159,125,168,187,142,186,2,-195171.30994415283,39171.6255531311
2021-07-27,193,160,125,168,188,142,187,2,-196283.24994659424,37485.720542907715
2021-07-28,194,161,125,168,189,142,188,2,-197396.86991119385,38125.85396194458
2021-07-29,195,162,125,168,190,142,189,2,-198514.2899093628,39016.95858001709
2021-07-30,196,163,125,168,191,142,190,2,-199625.89992523193,37736.07253265381
2021-07-31,196,163,125,168,191,142,190,2,-199625.89992523193,37736.07253265381
2021-08-01,196,163,125,168,191,142,190,2,-199625.89992523193,37736.07253265381
2021-08-02,197,164,125,168,192,142,191,2,-200736.17992401123,37592.9900970459
2021-08-03,198,165,125,168,193,142,192,2,-201854.39991760254,39276.66846084595
2021-08-04,199,166,125,168,194,142,193,2,-202969.73992919922,38682.812675476074
2021-08-05,200,167,125,168,195,142,194,2,-204092.36994934082,40140.013454437256
2021-08-06,201,168,125,168,196,142,195,3,-205379.06992340088,39949.325733184814
2021-08-07,201,168,125,168,196,142,195,3,-205379.06992340088,39949.325733184814
2021-08-08,201,168,125,168,196,142,195,3,-205379.06992340088,39949.325733184814
2021-08-09,202,169,125,168,197,142,196,3,-206501.3299407959,39980.392921447754
2021-08-10,203,170,125,168,198,142,197,3,-207622.31992340088,39819.41696166992
2021-08-11,204,171,125,168,199,142,198,3,-208744.32991790771,40189.93916320801
2021-08-12,205,172,125,168,200,142,199,3,-209869.90990447998,40780.79723358154
2021-08-13,206,173,125,168,201,142,200,3,-210997.89991760254,41281.60189437866
2021-08-14,206,173,125,168,201,142,200,3,-210997.89991760254,41281.60189437866
2021-08-15,206,173,125,168,201,142,200,3,-210997.89991760254,41281.60189437866
2021-08-16,207,174,125,168,202,142,201,3,-212127.2999343872,41410.89268875122
2021-08-17,208,175,125,168,203,142,202,3,-213248.21995544434,39382.084060668945
2021-08-18,208,176,125,168,203,142,202,3,-213610.4299468994,37014.066734313965
2021-08-19,208,177,125,168,203,142,202,3,-213974.3899383545,37158.895851135254
2021-08-20,209,178,126,168,204,142,202,3,-214917.61993408203,39245.19895172119
2021-08-21,209,178,126,168,204,142,202,3,-214917.61993408203,39245.19895172119
2021-08-22,209,178,126,168,204,142,202,3,-214917.61993408203,39245.19895172119
2021-08-23,210,179,126,168,205,142,203,3,-216051.85996246338,42027.15502166748
2021-08-24,211,180,126,168,206,142,204,3,-217188.9599609375,42904.399337768555
2021-08-25,212,181,126,168,207,142,205,3,-218328.2999572754,43403.9496383667
2021-08-26,213,182,126,168,208,142,205,3,-219230.28997802734,41740.474197387695
2021-08-27,214,183,126,168,209,142,206,3,-220373.45998382568,44302.54024505615
2021-08-28,214,183,126,168,209,142,206,3,-220373.45998382568,44302.54024505615
2021-08-29,214,183,126,168,209,142,206,3,-220373.45998382568,44302.54024505615
2021-08-30,215,184,126,168,210,142,207,3,-221524.1300048828,45826.603660583496
2021-08-31,216,185,126,168,211,142,208,3,-222673.27001190186,45645.71097564697
2021-09-01,217,186,126,168,212,142,209,3,-223823.85998535156,46203.61421203613
2021-09-02,218,187,126,168,213,142,210,3,-224976.63997650146,46710.947929382324
2021-09-03,219,188,126,168,214,142,211,3,-226130.4599609375,47031.16654205322
2021-09-04,219,188,126,168,214,142,211,3,-226130.4599609375,47031.16654205322
2021-09-05,219,188,126,168,214,142,211,3,-226130.4599609375,47031.16654205322
2021-09-06,219,188,126,168,214,142,211,3,-226130.4599609375,47031.16654205322
2021-09-07,220,189,126,168,215,142,212,3,-227281.87993621826,46484.42533874512
2021-09-08,221,190,126,168,216,142,213,3,-228430.6999359131,45677.77035522461
2021-09-09,222,191,126,168,217,142,213,3,-229343.1799468994,44689.631690979004
2021-09-10,222,192,126,168,217,142,213,3,-229719.7699432373,42690.64027404785
2021-09-11,222,192,126,168,217,142,213,3,-229719.7699432373,42690.64027404785
2021-09-12,222,192,126,168,217,142,213,3,-229719.7699432373,42690.64027404785
2021-09-13,222,193,126,168,217,142,213,3,-230096.09992980957,43150.59508514404
2021-09-14,222,194,126,168,217,142,213,3,-230471.3599395752,41822.64608001709
2021-09-15,222,195,126,168,217,142,213,3,-230849.40992736816,43849.30014038086
2021-09-16,222,196,126,168,217,142,213,3,-231227.71992492676,43533.92403411865
2021-09-17,222,197,126,168,217,142,213,3,-231601.54991149902,40457.02377319336
2021-09-18,222,197,126,168,217,142,213,3,-231601.54991149902,40457.02377319336
2021-09-19,222,197,126,168,217,142,213,3,-231601.54991149902,40457.02377319336
2021-09-20,222,197,126,168,217,142,213,3,-231601.54991149902,35306.34622192383
2021-09-21,222,197,126,168,217,142,213,3,-231601.54991149902,35485.16078186035
2021-09-22,222,197,126,168,217,142,213,3,-231601.54991149902,38037.75957489014
2021-09-23,222,198,126,168,217,142,213,3,-231974.52992248535,41023.76985168457
2021-09-24,222,199,126,168,217,142,213,3,-232347.85990905762,40926.47790527344
2021-09-25,222,199,126,168,217,142,213,3,-232347.85990905762,40926.47790527344
2021-09-26,222,199,126,168,217,142,213,3,-232347.85990905762,40926.47790527344
2021-09-27,222,199,126,168,217,142,213,3,-232347.85990905762,39912.18579864502
2021-09-28,222,199,126,168,217,142,213,3,-232347.85990905762,33779.45893096924
2021-09-29,222,199,126,168,217,142,213,3,-232347.85990905762,33742.744216918945
2021-09-30,222,199,126,168,217,142,213,3,-232347.85990905762,31542.12127685547
2021-10-01,222,199,126,168,217,142,213,3,-232347.85990905762,34103.51543426514
2021-10-02,222,199,126,168,217,142,213,3,-232347.85990905762,34103.51543426514
2021-10-03,222,199,126,168,217,142,213,3,-232347.85990905762,34103.51543426514
2021-10-04,222,199,126,168,217,142,213,3,-232347.85990905762,29967.790328979492
2021-10-05,222,199,126,168,217,142,213,3,-232347.85990905762,32756.06219482422
2021-10-06,222,199,126,168,217,142,213,3,-232347.85990905762,33801.080070495605
2021-10-07,222,199,126,168,217,142,213,3,-232347.85990905762,36313.451583862305
2021-10-08,222,199,126,168,217,142,213,3,-232347.85990905762,35610.577796936035
2021-10-09,222,199,126,168,217,142,213,3,-232347.85990905762,35610.577796936035
2021-10-10,222,199,126,168,217,142,213,3,-232347.85990905762,35610.577796936035
2021-10-11,222,199,126,168,217,142,213,3,-232347.85990905762,33744.90174865723
2021-10-12,222,199,126,168,217,142,213,3,-232347.85990905762,33167.69310760498
2021-10-13,222,199,126,168,217,142,213,3,-232347.85990905762,34698.308349609375
2021-10-14,222,199,126,168,217,142,213,3,-232347.85990905762,39077.98076629639
2021-10-15,222,199,126,168,217,142,213,3,-232347.85990905762,40970.79795837402
2021-10-16,222,199,126,168,217,142,213,3,-232347.85990905762,40970.79795837402
2021-10-17,222,199,126,168,217,142,213,3,-232347.85990905762,40970.79795837402
2021-10-18,222,199,126,168,217,142,213,3,-232347.85990905762,42231.38076019287
2021-10-19,222,199,126,168,217,142,213,3,-232347.85990905762,44341.44273376465
2021-10-20,222,199,126,168,217,142,213,3,-232347.85990905762,44975.6929397583
2021-10-21,222,199,126,168,217,142,213,3,-232347.85990905762,45829.286628723145
2021-10-22,222,199,126,168,217,142,213,3,-232347.85990905762,44986.221115112305
2021-10-23,222,199,126,168,217,142,213,3,-232347.85990905762,44986.221115112305
2021-10-24,222,199,126,168,217,142,213,3,-232347.85990905762,44986.221115112305
2021-10-25,222,199,126,168,217,142,213,3,-232347.85990905762,46792.026107788086
2021-10-26,222,199,126,168,217,142,213,3,-232347.85990905762,47049.748191833496
2021-10-27,222,200,126,168,217,142,213,3,-232727.85990905762,46137.981269836426
2021-10-28,222,201,126,168,217,142,213,3,-233112.07991027832,48943.643226623535
2021-10-29,222,202,126,168,217,142,213,3,-233498.18989562988,49419.77826690674
2021-10-30,222,202,126,168,217,142,213,3,-233498.18989562988,49419.77826690674
2021-10-31,222,202,126,168,217,142,213,3,-233498.18989562988,49419.77826690674
2021-11-01,222,203,126,168,217,142,213,3,-233885.61988830566,50435.25975036621
2021-11-02,222,204,126,168,217,142,213,3,-234274.66987609863,51308.576889038086
2021-11-03,223,205,126,168,218,142,213,3,-235219.60987091064,53509.800468444824
2021-11-04,224,206,126,168,219,142,214,3,-236413.60987091064,55324.640045166016
2021-11-05,225,207,126,168,220,142,215,3,-237610.77987670898,56075.19076538086
2021-11-06,225,207,126,168,220,142,215,3,-237610.77987670898,56075.19076538086
2021-11-07,225,207,126,168,220,142,215,3,-237610.77987670898,56075.19076538086
2021-11-08,226,208,126,168,221,142,216,3,-238808.3398590088,56297.51629638672
2021-11-09,227,209,126,168,222,142,217,3,-240000.5598678589,55050.111419677734
2021-11-10,227,210,126,168,222,142,217,3,-240390.0698776245,51995.45952606201
2021-11-11,227,211,126,168,222,142,217,3,-240780.6598739624,52588.1469039917
2021-11-12,228,212,126,168,223,142,217,3,-241730.11987304688,54991.550437927246
2021-11-13,228,212,126,168,223,142,217,3,-241730.11987304688,54991.550437927246
2021-11-14,228,212,126,168,223,142,217,3,-241730.11987304688,54991.550437927246
2021-11-15,229,213,126,168,224,142,217,3,-242679.57984924316,54945.40490722656
2021-11-16,230,214,126,168,225,142,217,3,-243634.1898651123,56324.37236022949
2021-11-17,230,215,126,168,226,142,217,3,-244119.409866333,55693.23157501221
2021-11-18,231,216,126,168,227,143,217,3,-245142.7198791504,56997.672607421875
2021-11-19,231,217,126,168,228,143,217,3,-245634.42987060547,56960.110874176025
2021-11-20,231,217,126,168,228,143,217,3,-245634.42987060547,56960.110874176025
2021-11-21,231,217,126,168,228,143,217,3,-245634.42987060547,56960.110874176025
2021-11-22,231,218,126,168,228,143,217,3,-246033.72985839844,55029.679527282715
2021-11-23,231,219,126,168,228,143,217,3,-246431.20986938477,54737.18162918091
2021-11-24,231,220,126,168,228,143,217,3,-246829.9698791504,55502.04442214966
2021-11-25,231,220,126,168,228,143,217,3,-246829.9698791504,55502.04442214966
2021-11-26,231,221,126,168,228,143,217,3,-247221.16989135742,48943.094062805176
2021-11-27,231,221,126,168,228,143,217,3,-247221.16989135742,48943.094062805176
2021-11-28,231,221,126,168,228,143,217,3,-247221.16989135742,48943.094062805176
2021-11-29,231,222,126,168,228,143,217,3,-247620.85989379883,53061.12422180176
2021-11-30,231,223,126,168,228,143,217,3,-248014.67990112305,47902.410678863525
2021-12-01,231,223,126,168,228,143,217,3,-248014.67990112305,44076.278995513916
2021-12-02,231,224,126,168,228,143,217,3,-248404.58990478516,47821.83806991577
2021-12-03,231,224,126,168,228,143,217,3,-248404.58990478516,44252.664810180664
2021-12-04,231,224,126,168,228,143,217,3,-248404.58990478516,44252.664810180664
2021-12-05,231,224,126,168,228,143,217,3,-248404.58990478516,44252.664810180664
2021-12-06,231,224,126,168,228,143,217,3,-248404.58990478516,47367.22641372681
2021-12-07,231,225,126,168,228,143,217,4,-248969.22988891602,54331.65591812134
2021-12-08,231,226,126,168,228,143,217,4,-249368.83987426758,55434.95369338989
2021-12-09,231,227,126,168,228,143,217,4,-249762.5698852539,52423.98458480835
2021-12-10,231,228,126,168,228,143,217,4,-250160.57989501953,55019.36990356445
2021-12-11,231,228,126,168,228,143,217,4,-250160.57989501953,55019.36990356445
2021-12-12,231,228,126,168,228,143,217,4,-250160.57989501953,55019.36990356445
2021-12-13,231,229,126,168,228,143,217,4,-250552.83990478516,51629.15497970581
2021-12-14,231,229,126,168,228,143,217,4,-250552.83990478516,49222.78049850464
2021-12-15,231,230,126,168,228,143,217,4,-250949.88989257812,54348.83862686157
2021-12-16,231,230,126,168,228,143,217,4,-250949.88989257812,50122.05392074585
2021-12-17,231,230,126,168,228,143,217,4,-250949.88989257812,47358.0101890564
2021-12-18,231,230,126,168,228,143,217,4,-250949.88989257812,47358.0101890564
2021-12-19,231,230,126,168,228,143,217,4,-250949.88989257812,47358.0101890564
2021-12-20,231,230,126,168,228,143,217,4,-250949.88989257812,43851.3532371521
2021-12-21,231,230,126,168,228,143,217,4,-250949.88989257812,49568.98675918579
2021-12-22,231,230,126,168,228,143,217,4,-250949.88989257812,52697.475048065186
2021-12-23,231,231,126,168,228,143,217,4,-251346.80990600586,54749.504135131836
2021-12-24,231,231,126,168,228,143,217,4,-251346.80990600586,54749.504135131836
2021-12-25,231,231,126,168,228,143,217,4,-251346.80990600586,54749.504135131836
2021-12-26,231,231,126,168,228,143,217,4,-251346.80990600586,54749.504135131836
2021-12-27,231,232,126,168,228,143,217,4,-251750.2899169922,58844.225440979004
2021-12-28,231,233,126,168,228,143,217,4,-252151.89990234375,58118.07697677612
2021-12-29,231,234,126,168,228,143,217,4,-252553.44989013672,58267.560276031494
2021-12-30,231,235,126,168,228,143,217,4,-252953.79989624023,57621.83493423462
2021-12-31,231,236,126,168,228,143,217,4,-253351.64990234375,56444.14990615845
2022-01-01,231,236,126,168,228,143,217,4,-253351.64990234375,56444.14990615845
2022-01-02,231,236,126,168,228,143,217,4,-253351.64990234375,56444.14990615845
2022-01-03,231,237,126,168,228,143,217,4,-253753.32989501953,58595.12805938721
2022-01-04,231,237,126,168,228,143,217,4,-253753.32989501953,57134.34520339966
2022-01-05,231,237,126,168,228,143,217,4,-253753.32989501953,49996.56341171265
2022-01-06,231,237,126,168,228,143,217,4,-253753.32989501953,49764.009422302246
2022-01-07,231,237,126,168,228,143,217,4,-253753.32989501953,48060.31576919556
2022-01-08,231,237,126,168,228,143,217,4,-253753.32989501953,48060.31576919556
2022-01-09,231,237,126,168,228,143,217,4,-253753.32989501953,48060.31576919556
2022-01-10,231,237,126,168,228,143,217,4,-253753.32989501953,47749.577880859375
2022-01-11,231,237,126,168,228,143,217,4,-253753.32989501953,51266.762172698975
2022-01-12,231,237,126,168,228,143,217,4,-253753.32989501953,52327.67741775513
2022-01-13,231,237,126,168,228,143,217,4,-253753.32989501953,47053.72910308838
2022-01-14,231,237,126,168,228,143,217,4,-253753.32989501953,47637.95362472534
2022-01-15,231,237,126,168,228,143,217,4,-253753.32989501953,47637.95362472534
2022-01-16,231,237,126,168,228,143,217,4,-253753.32989501953,47637.95362472534
2022-01-17,231,237,126,168,228,143,217,4,-253753.32989501953,47637.95362472534
2022-01-18,231,237,126,168,228,143,217,4,-253753.32989501953,41558.08511352539
2022-01-19,231,237,126,168,228,143,217,4,-253753.32989501953,38699.17225265503
2022-01-20,231,237,126,168,228,143,217,4,-253753.32989501953,35497.66991043091
2022-01-21,231,237,126,168,228,143,217,4,-253753.32989501953,29241.04418182373
2022-01-22,231,237,126,168,228,143,217,4,-253753.32989501953,29241.04418182373
2022-01-23,231,237,126,168,228,143,217,4,-253753.32989501953,29241.04418182373
2022-01-24,231,237,126,168,228,143,217,4,-253753.32989501953,30263.567878723145
2022-01-25,231,237,126,168,228,143,217,4,-253753.32989501953,25886.50863647461
2022-01-26,231,237,126,168,228,143,217,4,-253753.32989501953,25042.46118927002
2022-01-27,231,237,126,168,228,143,217,5,-253920.92990112305,22926.428260803223
2022-01-28,231,237,126,168,228,143,217,5,-253920.92990112305,29935.379470825195
2022-01-29,231,237,126,168,228,143,217,5,-253920.92990112305,29935.379470825195
2022-01-30,231,237,126,168,228,143,217,5,-253920.92990112305,29935.379470825195
2022-01-31,231,237,126,168,228,143,217,5,-253920.92990112305,36640.21724319458
2022-02-01,231,237,126,168,228,143,217,5,-253920.92990112305,38622.83801269531
2022-02-02,231,237,126,168,228,143,217,5,-253920.92990112305,40974.470432281494
2022-02-03,231,237,126,168,228,143,217,5,-253920.92990112305,32747.29909133911
2022-02-04,231,237,126,168,228,143,217,5,-253920.92990112305,34844.16781616211
2022-02-05,231,237,126,168,228,143,217,5,-253920.92990112305,34844.16781616211
2022-02-06,231,237,126,168,228,143,217,5,-253920.92990112305,34844.16781616211
2022-02-07,231,237,126,168,228,143,217,5,-253920.92990112305,33585.28340148926
2022-02-08,231,237,126,168,228,143,217,5,-253920.92990112305,36289.730865478516
2022-02-09,231,237,126,168,228,143,217,5,-253920.92990112305,41245.45609664917
2022-02-10,231,237,126,168,228,143,217,5,-253920.92990112305,35787.70029067993
2022-02-11,231,237,126,168,228,143,217,5,-253920.92990112305,29157.627758026123
2022-02-12,231,237,126,168,228,143,217,5,-253920.92990112305,29157.627758026123
2022-02-13,231,237,126,168,228,143,217,5,-253920.92990112305,29157.627758026123
2022-02-14,231,237,126,168,228,143,217,6,-254095.6699066162,28533.414100646973
2022-02-15,231,237,126,168,228,143,217,6,-254095.6699066162,34004.444679260254
2022-02-16,231,237,126,169,228,143,217,6,-254198.64990997314,34294.894355773926
2022-02-17,231,237,126,169,228,143,217,6,-254198.64990997314,27488.780918121338
2022-02-18,231,237,126,169,228,143,217,6,-254198.64990997314,25128.383140563965
2022-02-19,231,237,126,169,228,143,217,6,-254198.64990997314,25128.383140563965
2022-02-20,231,237,126,169,228,143,217,6,-254198.64990997314,25128.383140563965
2022-02-21,231,237,126,169,228,143,217,6,-254198.64990997314,25128.383140563965
2022-02-22,231,237,126,169,228,143,217,6,-254198.64990997314,22103.5897026062
2022-02-23,231,238,126,169,228,143,217,6,-254528.06992340088,16693.555557250977
2022-02-24,231,238,126,169,228,143,217,6,-254528.06992340088,21754.434783935547
2022-02-25,231,238,126,169,228,143,217,6,-254528.06992340088,27277.287937164307
2022-02-26,231,238,126,169,228,143,217,6,-254528.06992340088,27277.287937164307
2022-02-27,231,238,126,169,228,143,217,6,-254528.06992340088,27277.287937164307
2022-02-28,231,238,126,169,228,143,217,6,-254528.06992340088,26896.867916107178
2022-03-01,231,239,127,169,228,143,217,6,-254915.6699142456,22561.980716705322
2022-03-02,231,239,127,169,229,143,217,6,-254994.61991119385,27294.804134368896
2022-03-03,231,239,128,169,229,144,218,6,-255316.57991409302,24694.440700531006
2022-03-04,231,239,129,169,229,145,218,6,-255416.1999130249,21464.250423431396
2022-03-05,231,239,129,169,229,145,218,6,-255416.1999130249,21464.250423431396
2022-03-06,231,239,129,169,229,145,218,6,-255416.1999130249,21464.250423431396
2022-03-07,231,240,130,170,229,146,218,6,-255931.01990127563,12481.027187347412
2022-03-08,231,241,131,171,230,147,218,7,-256710.14990615845,11066.323017120361
2022-03-09,231,241,132,171,230,148,218,7,-256809.70990753174,19164.119903564453
2022-03-10,231,241,133,171,230,149,218,7,-256907.73990631104,17160.259323120117
2022-03-11,231,242,134,171,230,150,218,7,-257328.5399017334,12900.821502685547
2022-03-12,231,242,134,171,230,150,218,7,-257328.5399017334,12900.821502685547
2022-03-13,231,242,134,171,230,150,218,7,-257328.5399017334,12900.821502685547
2022-03-14,232,243,135,171,231,151,218,7,-258233.18991851807,9806.032768249512
2022-03-15,232,244,136,171,231,152,218,7,-258657.15991210938,16034.710792541504
2022-03-16,232,244,137,171,231,152,218,7,-258702.1099128723,24231.560424804688
2022-03-17,232,244,138,171,231,152,218,7,-258746.82991409302,27551.24266433716
2022-03-18,232,244,139,171,231,152,218,7,-258792.18991470337,31219.223903656006
2022-03-19,232,244,139,171,231,152,218,7,-258792.18991470337,31219.223903656006
2022-03-20,232,244,139,171,231,152,218,7,-258792.18991470337,31219.223903656006
2022-03-21,232,244,140,171,231,152,218,7,-258836.84991455078,30465.349586486816
2022-03-22,232,244,140,171,231,152,218,7,-258836.84991455078,34621.84558105469
2022-03-23,232,244,141,171,231,152,218,7,-258882.01991271973,30576.3125
2022-03-24,232,244,141,171,231,152,218,7,-258882.01991271973,35292.524127960205
2022-03-25,232,244,142,171,231,152,218,7,-258927.0699119568,35951.56116104126
2022-03-26,232,244,142,171,231,152,218,7,-258927.0699119568,35951.56116104126
2022-03-27,232,244,142,171,231,152,218,7,-258927.0699119568,35951.56116104126
2022-03-28,232,244,143,171,231,152,218,7,-258972.26991271973,38593.58402633667
2022-03-29,232,244,143,171,231,152,218,7,-258972.26991271973,43071.698585510254
2022-03-30,232,244,143,171,231,152,218,7,-258972.26991271973,40657.81303024292
2022-03-31,232,244,143,171,231,152,218,7,-258972.26991271973,36365.50604248047
2022-04-01,232,244,143,171,231,152,218,7,-258972.26991271973,37032.696617126465
2022-04-02,232,244,143,171,231,152,218,7,-258972.26991271973,37032.696617126465
2022-04-03,232,244,143,171,231,152,218,7,-258972.26991271973,37032.696617126465
2022-04-04,232,244,143,171,231,152,218,7,-258972.26991271973,40721.984115600586
2022-04-05,232,244,143,171,231,152,218,7,-258972.26991271973,35852.049377441406
2022-04-06,232,244,143,171,231,152,218,7,-258972.26991271973,31682.579559326172
2022-04-07,232,244,144,171,231,152,218,7,-259017.15991210938,32640.63931274414
2022-04-08,232,244,144,171,231,152,218,7,-259017.15991210938,30872.22222137451
2022-04-09,232,244,144,171,231,152,218,7,-259017.15991210938,30872.22222137451
2022-04-10,232,244,144,171,231,152,218,7,-259017.15991210938,30872.22222137451
2022-04-11,232,244,145,171,231,152,218,7,-259061.52991104126,25595.515670776367
2022-04-12,232,244,146,171,231,152,218,7,-259105.7599105835,24500.055000305176
2022-04-13,232,244,146,171,231,152,218,7,-259105.7599105835,28632.79052734375
2022-04-14,232,244,147,171,231,152,218,7,-259149.98991012573,24244.239250183105
2022-04-15,232,244,147,171,231,152,218,7,-259149.98991012573,24244.239250183105
2022-04-16,232,244,147,171,231,152,218,7,-259149.98991012573,24244.239250183105
2022-04-17,232,244,147,171,231,152,218,7,-259149.98991012573,24244.239250183105
2022-04-18,232,244,148,171,231,152,218,7,-259194.0699119568,24105.82021713257
2022-04-19,232,244,149,171,231,152,218,7,-259237.92991256714,28928.684169769287
2022-04-20,232,244,150,171,231,152,218,7,-259281.52991104126,27538.846210479736
2022-04-21,232,244,151,171,231,153,218,7,-259379.39990997314,22672.338123321533
2022-04-22,232,245,152,171,231,154,218,7,-259801.54990386963,15381.440238952637
2022-04-23,232,245,152,171,231,154,218,7,-259801.54990386963,15381.440238952637
2022-04-24,232,245,152,171,231,154,218,7,-259801.54990386963,15381.440238952637
2022-04-25,232,246,153,171,231,155,218,7,-260227.36988830566,17313.54923248291
2022-04-26,232,247,154,172,232,156,218,7,-260805.51990127563,8661.184749603271
2022-04-27,232,248,155,172,233,157,218,7,-261290.84991073608,9112.801013946533
2022-04-28,232,249,156,172,233,158,218,7,-261714.79991912842,16465.062545776367
2022-04-29,232,250,157,173,234,159,218,7,-262289.8199157715,6259.070426940918
2022-04-30,232,250,157,173,234,159,218,7,-262289.8199157715,6259.070426940918
2022-05-01,232,250,157,173,234,159,218,7,-262289.8199157715,6259.070426940918
2022-05-02,232,251,158,173,235,160,218,7,-262777.3599243164,8614.995429992676
2022-05-03,232,252,159,173,236,161,218,7,-263266.1799316406,9614.451133728027
2022-05-04,232,253,160,173,236,162,218,7,-263693.149936676,17704.25295639038
2022-05-05,232,254,161,174,237,163,218,7,-264265.8999404907,6399.39920425415
2022-05-06,232,255,162,175,238,164,218,7,-264832.05994033813,3985.9083976745605
2022-05-07,232,255,162,175,238,164,218,7,-264832.05994033813,3985.9083976745605
2022-05-08,232,255,162,175,238,164,218,7,-264832.05994033813,3985.9083976745605
2022-05-09,233,256,163,176,239,165,219,7,-265974.77993774414,-5313.460468292236
2022-05-10,234,257,164,177,240,166,220,7,-267123.3699417114,-3926.108657836914
2022-05-11,235,258,165,178,241,167,221,7,-268249.80992889404,-9153.432678222656
2022-05-12,236,259,166,179,242,168,222,7,-269374.90991973877,-9468.602325439453
2022-05-13,237,260,167,180,243,169,223,7,-270532.2399177551,-1993.560546875
2022-05-14,237,260,167,180,243,169,223,7,-270532.2399177551,-1993.560546875
2022-05-15,237,260,167,180,243,169,223,7,-270532.2399177551,-1993.560546875
2022-05-16,238,261,168,181,244,170,224,7,-271682.37992477417,-3723.768497467041
2022-05-17,238,262,169,182,245,171,225,7,-272449.8999328613,2269.0141944885254
2022-05-18,239,263,170,183,246,172,226,7,-273577.8999404907,-9070.388198852539
2022-05-19,240,264,171,184,247,173,227,7,-274702.27992630005,-10042.593841552734
2022-05-20,241,265,172,185,248,174,228,7,-275826.6399269104,-10113.309856414795
2022-05-21,241,265,172,185,248,174,228,7,-275826.6399269104,-10113.309856414795
2022-05-22,241,265,172,185,248,174,228,7,-275826.6399269104,-10113.309856414795
2022-05-23,242,266,173,186,249,175,229,7,-276970.03995132446,-5587.793773651123
2022-05-24,243,267,174,187,250,176,230,7,-278099.37995910645,-8988.918365478516
2022-05-25,244,268,175,188,251,177,231,7,-279240.1099662781,-6208.548240661621
2022-05-26,244,269,176,188,252,178,232,7,-279907.7599411011,-282.8565673828125
2022-05-27,244,270,177,188,253,179,232,7,-280385.2999420166,6997.675079345703
2022-05-28,244,270,177,188,253,179,232,7,-280385.2999420166,6997.675079345703
2022-05-29,244,270,177,188,253,179,232,7,-280385.2999420166,6997.675079345703
2022-05-30,244,270,177,188,253,179,232,7,-280385.2999420166,6997.675079345703
2022-05-31,244,271,178,188,254,180,232,7,-280862.24993515015,5720.747394561768
2022-06-01,244,272,179,188,255,181,232,7,-281335.4199333191,3528.698253631592
2022-06-02,244,273,179,188,255,181,232,7,-281649.7999382019,9767.903331756592
2022-06-03,244,274,180,188,256,182,232,7,-282123.52994918823,4153.854228973389
2022-06-04,244,274,180,188,256,182,232,7,-282123.52994918823,4153.854228973389
2022-06-05,244,274,180,188,256,182,232,7,-282123.52994918823,4153.854228973389
2022-06-06,244,275,181,188,257,183,232,7,-282598.9299507141,5076.331882476807
2022-06-07,244,276,182,188,258,183,232,7,-283024.239944458,7638.307186126709
2022-06-08,244,277,182,188,259,184,232,7,-283457.0199623108,4963.376842498779
2022-06-09,244,278,183,189,260,185,233,7,-284212.94995880127,-2150.350658416748
2022-06-10,245,279,184,190,261,186,234,7,-285336.1199378967,-10591.45544052124
2022-06-11,245,279,184,190,261,186,234,7,-285336.1199378967,-10591.45544052124
2022-06-12,245,279,184,190,261,186,234,7,-285336.1199378967,-10591.45544052124
2022-06-13,246,280,185,191,262,187,235,7,-286413.83993530273,-21798.510288238525
2022-06-14,247,281,186,192,263,188,236,7,-287490.33993530273,-22097.45994567871
2022-06-15,248,282,187,193,264,189,237,7,-288585.7399368286,-17349.46990966797
2022-06-16,249,283,188,194,265,190,238,7,-289643.05994796753,-26832.616527557373
2022-06-17,250,284,189,195,266,191,239,7,-290703.62994384766,-25904.590869903564
2022-06-18,250,284,189,195,266,191,239,7,-290703.62994384766,-25904.590869903564
2022-06-19,250,284,189,195,266,191,239,7,-290703.62994384766,-25904.590869903564
2022-06-20,250,284,189,195,266,191,239,7,-290703.62994384766,-25904.590869903564
2022-06-21,251,285,190,196,267,192,240,7,-291788.2099456787,-19865.08026123047
2022-06-22,252,286,191,197,268,193,241,7,-292870.0499801636,-20460.560928344727
2022-06-23,253,287,192,198,269,194,242,7,-293962.3699874878,-17716.85785675049
2022-06-24,254,288,193,199,270,195,243,7,-295089.56996536255,-8870.08625793457
2022-06-25,254,288,193,199,270,195,243,7,-295089.56996536255,-8870.08625793457
2022-06-26,254,288,193,199,270,195,243,7,-295089.56996536255,-8870.08625793457
2022-06-27,255,289,194,200,271,196,244,7,-296211.869972229,-10171.727729797363
2022-06-28,256,290,195,201,272,197,245,7,-297309.8099784851,-16563.02809906006
2022-06-29,257,291,196,202,273,198,246,7,-298406.77995300293,-16763.726676940918
2022-06-30,258,292,197,203,274,199,247,7,-299493.80994415283,-19376.911903381348
2022-07-01,259,293,198,204,275,200,248,7,-300589.5899429321,-17083.040145874023
2022-07-02,259,293,198,204,275,200,248,7,-300589.5899429321,-17083.040145874023
2022-07-03,259,293,198,204,275,200,248,7,-300589.5899429321,-17083.040145874023
2022-07-04,259,293,198,204,275,200,248,7,-300589.5899429321,-17083.040145874023
2022-07-05,260,294,199,205,276,201,249,7,-301690.67991638184,-15481.65715789795
2022-07-06,261,295,200,206,277,202,250,8,-302957.42989730835,-14507.505123138428
2022-07-07,262,296,201,207,278,203,251,8,-304081.1899032593,-9487.788166046143
2022-07-08,263,297,202,208,279,204,252,8,-305204.6999320984,-9536.662212371826
2022-07-09,263,297,202,208,279,204,252,8,-305204.6999320984,-9536.662212371826
2022-07-10,263,297,202,208,279,204,252,8,-305204.6999320984,-9536.662212371826
2022-07-11,264,298,203,209,280,205,253,8,-306310.75994873047,-14144.565372467041
2022-07-12,265,299,204,210,281,206,254,8,-307407.6999130249,-16610.069480895996
2022-07-13,266,300,205,211,282,207,255,8,-308500.39989089966,-17712.825874328613
2022-07-14,267,301,206,212,283,208,256,8,-309590.5499038696,-18277.71590423584
2022-07-15,268,302,207,213,284,209,257,8,-310700.3599052429,-13000.269943237305
2022-07-16,268,302,207,213,284,209,257,8,-310700.3599052429,-13000.269943237305
2022-07-17,268,302,207,213,284,209,257,8,-310700.3599052429,-13000.269943237305
2022-07-18,269,303,208,214,285,210,258,8,-311802.9399108887,-15035.19873046875
2022-07-19,269,304,209,215,286,211,259,8,-312543.71990966797,-6785.373847961426
2022-07-20,269,305,210,216,287,212,260,8,-313291.2599143982,-4138.051761627197
2022-07-21,269,306,211,217,287,213,260,8,-313777.0699234009,-523.3525123596191
2022-07-22,269,307,212,218,288,214,261,8,-314524.0399017334,-4261.826995849609
2022-07-23,269,307,212,218,288,214,261,8,-314524.0399017334,-4261.826995849609
2022-07-24,269,307,212,218,288,214,261,8,-314524.0399017334,-4261.826995849609
2022-07-25,269,308,213,219,289,215,261,8,-315072.0098953247,-4469.690895080566
2022-07-26,269,309,214,220,290,216,262,8,-315806.789894104,-8908.626655578613
2022-07-27,269,310,215,220,290,217,262,8,-316203.8798904419,461.26072692871094
2022-07-28,269,311,216,220,290,218,262,8,-316604.42988967896,3983.9099159240723
2022-07-29,269,311,217,220,290,219,262,8,-316695.2798881531,8593.914241790771
2022-07-30,269,311,217,220,290,219,262,8,-316695.2798881531,8593.914241790771
2022-07-31,269,311,217,220,290,219,262,8,-316695.2798881531,8593.914241790771
2022-08-01,269,311,218,220,290,220,262,8,-316785.70988845825,7910.925144195557
2022-08-02,269,311,219,220,290,221,262,8,-316875.33988952637,6122.816570281982
2022-08-03,269,311,220,220,290,222,262,8,-316965.60988998413,12165.798557281494
2022-08-04,269,311,221,220,290,223,262,8,-317056.50989151,12727.841075897217
2022-08-05,269,311,222,220,290,224,262,8,-317147.1698913574,11553.208000183105
2022-08-06,269,311,222,220,290,224,262,8,-317147.1698913574,11553.208000183105
2022-08-07,269,311,222,220,290,224,262,8,-317147.1698913574,11553.208000183105
2022-08-08,269,311,223,220,290,225,262,8,-317237.9798927307,11232.42416381836
2022-08-09,269,311,224,220,290,226,262,8,-317328.3198928833,8944.646118164062
2022-08-10,269,311,225,220,290,226,262,8,-317368.7798919678,16564.675704956055
2022-08-11,269,311,225,220,290,226,262,8,-317368.7798919678,15986.062686920166
2022-08-12,269,311,225,220,290,226,262,8,-317368.7798919678,21688.087078094482
2022-08-13,269,311,225,220,290,226,262,8,-317368.7798919678,21688.087078094482
2022-08-14,269,311,225,220,290,226,262,8,-317368.7798919678,21688.087078094482
2022-08-15,269,311,225,220,290,226,262,8,-317368.7798919678,23218.09662628174
2022-08-16,269,311,225,220,290,226,262,8,-317368.7798919678,23368.375511169434
2022-08-17,269,311,225,220,290,226,262,8,-317368.7798919678,20356.076652526855
2022-08-18,269,311,225,220,290,226,262,8,-317368.7798919678,21007.36388015747
2022-08-19,269,311,226,220,290,227,262,8,-317458.9198951721,15725.119506835938
2022-08-20,269,311,226,220,290,227,262,8,-317458.9198951721,15725.119506835938
2022-08-21,269,311,226,220,290,227,262,8,-317458.9198951721,15725.119506835938
2022-08-22,269,311,227,220,290,228,262,8,-317547.9498939514,8409.48503112793
2022-08-23,269,311,228,220,290,229,262,8,-317637.23989105225,7926.8618087768555
2022-08-24,269,311,229,220,290,230,262,8,-317726.5698928833,8927.010063171387
2022-08-25,269,311,229,220,290,230,262,8,-317726.5698928833,14013.290321350098
2022-08-26,269,311,230,220,290,231,262,8,-317815.67988967896,2476.4691276550293
2022-08-27,269,311,230,220,290,231,262,8,-317815.67988967896,2476.4691276550293
2022-08-28,269,311,230,220,290,231,262,8,-317815.67988967896,2476.4691276550293
2022-08-29,269,312,231,220,290,232,262,8,-318208.76988983154,34.061283111572266
2022-08-30,269,313,232,220,290,233,262,8,-318597.61988067627,-3410.6351623535156
2022-08-31,269,314,233,220,290,234,262,8,-318984.79986953735,-5420.415470123291
2022-09-01,269,315,234,220,290,235,262,8,-319371.2498626709,-5273.921463012695
2022-09-02,269,316,235,221,291,236,262,8,-319908.2598724365,-8780.24758529663
2022-09-03,269,316,235,221,291,236,262,8,-319908.2598724365,-8780.24758529663
2022-09-04,269,316,235,221,291,236,262,8,-319908.2598724365,-8780.24758529663
2022-09-05,269,316,235,221,291,236,262,8,-319908.2598724365,-8780.24758529663
2022-09-06,269,317,236,222,292,237,262,8,-320441.57986068726,-10448.340145111084
2022-09-07,269,318,237,222,292,238,262,8,-320826.849861145,-4858.2896728515625
2022-09-08,269,319,238,222,292,239,262,8,-321213.47985076904,-3053.1011505126953
2022-09-09,269,319,239,222,292,240,262,8,-321301.22985076904,2721.9194717407227
2022-09-10,269,319,239,222,292,240,262,8,-321301.22985076904,2721.9194717407227
2022-09-11,269,319,239,222,292,240,262,8,-321301.22985076904,2721.9194717407227
2022-09-12,269,319,239,222,292,241,262,8,-321350.649848938,6404.255561828613
2022-09-13,269,320,240,222,292,242,262,8,-321730.4098625183,-8627.922229766846
2022-09-14,269,321,241,222,292,243,262,8,-322112.9098587036,-7068.171657562256
2022-09-15,269,322,242,222,292,244,262,8,-322489.63986587524,-11028.45877456665
2022-09-16,269,323,243,223,293,245,262,8,-323017.44987487793,-13881.696369171143
2022-09-17,269,323,243,223,293,245,262,8,-323017.44987487793,-13881.696369171143
2022-09-18,269,323,243,223,293,245,262,8,-323017.44987487793,-13881.696369171143
2022-09-19,269,324,244,224,293,246,262,8,-323479.44986343384,-11923.257266998291
2022-09-20,269,325,245,225,294,247,262,8,-324004.7198753357,-15186.818019866943
2022-09-21,270,326,246,226,295,248,263,8,-325088.7798881531,-20508.84679031372
2022-09-22,271,327,247,227,296,249,264,8,-326162.2498893738,-23529.919109344482
2022-09-23,272,328,248,228,297,250,265,9,-327368.8299026489,-29063.73422241211
2022-09-24,272,328,248,228,297,250,265,9,-327368.8299026489,-29063.73422241211
2022-09-25,272,328,248,228,297,250,265,9,-327368.8299026489,-29063.73422241211
2022-09-26,273,329,249,229,298,251,266,10,-328564.1898994446,-31645.509941101074
2022-09-27,274,330,250,230,299,252,267,11,-329758.08990478516,-32099.875942230225
2022-09-28,275,331,251,231,300,253,268,11,-330820.99990844727,-26223.448791503906
2022-09-29,276,332,252,232,301,254,269,11,-331859.7899169922,-33214.317821502686
2022-09-30,277,333,253,233,302,255,270,11,-332883.80991744995,-37509.39915084839
2022-10-01,277,333,253,233,302,255,270,11,-332883.80991744995,-37509.39915084839
2022-10-02,277,333,253,233,302,255,270,11,-332883.80991744995,-37509.39915084839
2022-10-03,278,334,254,234,303,256,271,11,-333932.8599014282,-30296.834632873535
2022-10-04,278,335,255,235,304,257,271,11,-334447.5699081421,-20631.056671142578
2022-10-05,278,336,256,236,305,258,272,11,-335150.70991516113,-21291.40838623047
2022-10-06,279,337,257,237,306,259,273,11,-336220.5899429321,-24249.631454467773
2022-10-07,280,338,258,238,307,260,274,11,-337258.3699531555,-33749.16661834717
2022-10-08,280,338,258,238,307,260,274,11,-337258.3699531555,-33749.16661834717
2022-10-09,280,338,258,238,307,260,274,11,-337258.3699531555,-33749.16661834717
2022-10-10,281,339,259,239,308,261,275,11,-338287.15994262695,-36407.912689208984
2022-10-11,282,340,260,240,309,262,276,11,-339306.6399269104,-39193.2943687439
2022-10-12,283,341,261,241,310,263,277,11,-340323.99993133545,-39779.33837509155
2022-10-13,284,342,262,242,311,264,278,11,-341365.2999382019,-32731.367588043213
2022-10-14,285,343,263,243,312,265,279,11,-342381.4899291992,-40272.27306365967
2022-10-15,285,343,263,243,312,265,279,11,-342381.4899291992,-40272.27306365967
2022-10-16,285,343,263,243,312,265,279,11,-342381.4899291992,-40272.27306365967
2022-10-17,286,344,264,244,313,266,280,11,-343426.21995544434,-31743.76212310791
2022-10-18,287,345,265,245,314,267,281,11,-344481.3999786377,-28660.40259552002
2022-10-19,288,346,266,246,315,268,282,12,-345680.18996810913,-31005.684047698975
2022-10-20,289,347,267,247,316,269,283,13,-346872.00996017456,-33022.912353515625
2022-10-21,289,348,268,248,317,270,283,13,-347374.3299751282,-25845.22089767456
2022-10-22,289,348,268,248,317,270,283,13,-347374.3299751282,-25845.22089767456
2022-10-23,289,348,268,248,317,270,283,13,-347374.3299751282,-25845.22089767456
2022-10-24,289,349,269,249,317,271,283,13,-347812.9899902344,-23091.697856903076
2022-10-25,289,350,270,249,317,272,283,13,-348176.3999824524,-17263.088779449463
2022-10-26,289,351,271,249,317,273,283,13,-348534.53997421265,-20547.525356292725
2022-10-27,289,352,272,249,317,274,283,13,-348886.94997024536,-23619.34648513794
2022-10-28,289,353,273,249,317,275,283,13,-349247.7699737549,-15973.213314056396
2022-10-29,289,353,273,249,317,275,283,13,-349247.7699737549,-15973.213314056396
2022-10-30,289,353,273,249,317,275,283,13,-349247.7699737549,-15973.213314056396
2022-10-31,289,354,274,249,317,276,283,13,-349604.9099845886,-18742.397411346436
2022-11-01,289,355,275,249,317,277,283,13,-349960.2199707031,-20157.929470062256
2022-11-02,289,356,276,250,318,278,283,13,-350452.4899597168,-29037.415908813477
2022-11-03,289,357,277,251,319,279,283,13,-350938.09995269775,-32941.75171661377
2022-11-04,289,358,278,251,320,280,283,13,-351350.1099433899,-27569.101680755615
2022-11-05,289,358,278,251,320,280,283,13,-351350.1099433899,-27569.101680755615
2022-11-06,289,358,278,251,320,280,283,13,-351350.1099433899,-27569.101680755615
2022-11-07,289,359,279,251,320,281,283,13,-351700.33993911743,-24618.606937408447
2022-11-08,289,360,280,251,320,281,283,13,-352006.3599472046,-22517.856941223145
2022-11-09,289,361,281,251,321,281,283,13,-352370.02995300293,-29393.99655532837
2022-11-10,289,361,281,251,321,281,283,13,-352370.02995300293,-9932.560485839844
2022-11-11,289,361,281,251,321,281,283,13,-352370.02995300293,-5254.098598480225
2022-11-12,289,361,281,251,321,281,283,13,-352370.02995300293,-5254.098598480225
2022-11-13,289,361,281,251,321,281,283,13,-352370.02995300293,-5254.098598480225
2022-11-14,289,361,281,251,321,281,283,13,-352370.02995300293,-8280.307983398438
2022-11-15,289,361,281,251,321,281,283,13,-352370.02995300293,-4503.906867980957
2022-11-16,289,361,281,251,321,281,283,13,-352370.02995300293,-8071.78426361084
2022-11-17,289,361,281,251,321,281,283,13,-352370.02995300293,-9050.412349700928
2022-11-18,289,361,281,251,321,281,283,13,-352370.02995300293,-8149.248825073242
2022-11-19,289,361,281,251,321,281,283,13,-352370.02995300293,-8149.248825073242
2022-11-20,289,361,281,251,321,281,283,13,-352370.02995300293,-8149.248825073242
2022-11-21,289,361,281,251,321,281,283,13,-352370.02995300293,-10371.664409637451
2022-11-22,289,361,281,251,321,281,283,13,-352370.02995300293,-5906.889129638672
2022-11-23,289,361,281,251,321,281,283,13,-352370.02995300293,-3209.7036170959473
2022-11-24,289,361,281,251,321,281,283,13,-352370.02995300293,-3209.7036170959473
2022-11-25,289,361,281,251,321,281,283,13,-352370.02995300293,-3867.902187347412
2022-11-26,289,361,281,251,321,281,283,13,-352370.02995300293,-3867.902187347412
2022-11-27,289,361,281,251,321,281,283,13,-352370.02995300293,-3867.902187347412
2022-11-28,289,361,281,251,321,281,283,13,-352370.02995300293,-9066.092914581299
2022-11-29,289,361,281,251,321,281,283,13,-352370.02995300293,-9804.333374023438
2022-11-30,289,361,281,251,321,281,283,13,-352370.02995300293,2137.2713012695312
2022-12-01,289,361,281,251,321,281,283,13,-352370.02995300293,2347.949493408203
2022-12-02,289,361,281,251,321,281,283,13,-352370.02995300293,1728.748649597168
2022-12-03,289,361,281,251,321,281,283,13,-352370.02995300293,1728.748649597168
2022-12-04,289,361,281,251,321,281,283,13,-352370.02995300293,1728.748649597168
2022-12-05,289,361,281,251,321,281,283,13,-352370.02995300293,-4506.828128814697
2022-12-06,289,361,281,251,321,281,283,13,-352370.02995300293,-9836.828022003174
2022-12-07,289,361,281,251,321,281,283,13,-352370.02995300293,-10651.569484710693
2022-12-08,289,361,281,251,321,281,283,13,-352370.02995300293,-7492.041477203369
2022-12-09,289,361,281,251,321,281,283,13,-352370.02995300293,-9781.117877960205
2022-12-10,289,361,281,251,321,281,283,13,-352370.02995300293,-9781.117877960205
2022-12-11,289,361,281,251,321,281,283,13,-352370.02995300293,-9781.117877960205
2022-12-12,289,361,281,251,321,281,283,13,-352370.02995300293,-5621.800712585449
2022-12-13,289,361,281,251,321,281,283,13,-352370.02995300293,-2707.4907608032227
2022-12-14,289,361,281,251,321,281,283,13,-352370.02995300293,-4799.230030059814
2022-12-15,289,361,281,251,321,281,283,13,-352370.02995300293,-14286.652690887451
2022-12-16,289,361,281,251,321,281,283,13,-352370.02995300293,-18383.91082763672
2022-12-17,289,361,281,251,321,281,283,13,-352370.02995300293,-18383.91082763672
2022-12-18,289,361,281,251,321,281,283,13,-352370.02995300293,-18383.91082763672
2022-12-19,289,362,281,251,321,281,283,13,-352639.77995300293,-22070.03260421753
2022-12-20,289,363,281,251,321,281,283,13,-352909.31996154785,-21749.52635192871
2022-12-21,289,363,281,251,321,281,283,13,-352909.31996154785,-17063.895664215088
2022-12-22,289,364,281,251,321,281,283,13,-353176.0799713135,-22920.306022644043
2022-12-23,289,365,281,251,321,281,283,13,-353443.43995666504,-21571.055171966553
2022-12-24,289,365,281,251,321,281,283,13,-353443.43995666504,-21571.055171966553
2022-12-25,289,365,281,251,321,281,283,13,-353443.43995666504,-21571.055171966553
2022-12-26,289,365,281,251,321,281,283,13,-353443.43995666504,-21571.055171966553
2022-12-27,289,366,281,251,321,281,283,13,-353707.0199432373,-23497.317138671875
2022-12-28,289,367,281,251,321,281,283,13,-353967.1199493408,-27683.366680145264
2022-12-29,289,368,281,251,321,281,283,13,-354233.5599517822,-21203.619606018066
2022-12-30,289,369,281,251,321,281,283,13,-354499.8399505615,-22161.12098312378
2022-12-31,289,369,281,251,321,281,283,13,-354499.8399505615,-22161.12098312378
2023-01-01,289,369,281,251,321,281,283,13,-354499.8399505615,-22161.12098312378
